id,observationID,personID,lat,lon,media,Eventful_Uneventful,Exciting_Monotonous,Pleasant_Unpleasant,Calm_Chaotic,Anxious_Safe,Stressed_Relaxed,Depressed_Cheerful,Detached_Attached,Exhausted_Excited,uncrowded _crowded,accessible_unaccessible,central_remote,green _built-up,clean_polluted,quiet_busy,relaxing_disturbing,mediaType,timestamp,transcription,filename,Unnamed: 0,mediaID,person,vehicles,place_cluster,place_name,avg_r,avg_g,avg_b,brightness,greeness,normalized_greeness,noise,normalized_noise,hour
3,1718266733014,P07,49.800366,9.9323516,P07/1718266733014/media/1718266905336.jpg,1,5,5,5,1,1,2,1,1,2,5,3,2,5,4,5,Image,2024-06-13 10:18:53.014,,1718266905336.jpg,0,1718266905336,1.0,1.0,3,Klinikstr,105.19762416666667,120.84264383333333,106.66589125,110.0,0.38952825,0.5508941421830797,-21.5750675201416,1.1460402437053672,1
4,1718266733014,P07,49.800366,9.9323516,P07/1718266733014/media/1718266913377.jpg,1,5,5,5,1,1,2,1,1,2,5,3,2,5,4,5,Image,2024-06-13 10:18:53.014,,1718266913377.jpg,1,1718266913377,0.0,2.0,3,Klinikstr,109.07438683333334,113.22861258333333,97.08161408333333,106.0,0.26508583333333335,0.3749002357571075,-21.5750675201416,1.1460402437053672,1
5,1718266733014,P07,49.800366,9.9323516,P07/1718266733014/media/1718266921444.jpg,1,5,5,5,1,1,2,1,1,2,5,3,2,5,4,5,Image,2024-06-13 10:18:53.014,,1718266921444.jpg,2,1718266921444,0.0,0.0,3,Klinikstr,70.23403858333333,115.46221658333333,103.05690791666666,96.0,0.6427425833333333,0.909004992808489,-21.5750675201416,1.1460402437053672,1
9,1718267618450,P07,49.7954867,9.9297233,P07/1718267618450/media/1718267828875.jpg,2,1,1,2,5,4,4,3,4,3,3,1,5,2,2,2,Image,2024-06-13 10:33:38.450,,1718267828875.jpg,3,1718267828875,3.0,1.0,2,Katharinengasse/Marienplatz,118.15556566666666,121.58482258333333,120.17427916666666,119.0,0.107419,0.15191837269611186,-31.78965187072754,1.6886260190484104,1
10,1718267618450,P07,49.7954867,9.9297233,P07/1718267618450/media/1718267836964.jpg,2,1,1,2,5,4,4,3,4,3,3,1,5,2,2,2,Image,2024-06-13 10:33:38.450,,1718267836964.jpg,4,1718267836964,0.0,0.0,2,Katharinengasse/Marienplatz,97.68657908333333,115.62687833333334,130.81800275,114.0,0.03711766666666667,0.05249402357382507,-31.78965187072754,1.6886260190484104,1
11,1718267618450,P07,49.7954867,9.9297233,P07/1718267618450/media/1718267846577.jpg,2,1,1,2,5,4,4,3,4,3,3,1,5,2,2,2,Image,2024-06-13 10:33:38.450,,1718267846577.jpg,5,1718267846577,0.0,0.0,2,Katharinengasse/Marienplatz,113.66075566666666,121.64244766666667,127.80282016666666,121.0,0.13214083333333335,0.18688146758681554,-31.78965187072754,1.6886260190484104,1
15,1718268467154,P07,49.79121,9.9317583,P07/1718268467154/media/1718268631834.jpg,2,2,3,4,5,2,4,2,2,3,4,4,4,2,3,3,Image,2024-06-13 10:47:47.154,,1718268631834.jpg,6,1718268631834,0.0,0.0,1,Dommerschulstr,86.19609416666667,104.99661416666666,102.10048641666667,97.0,0.2846551666666667,0.4025763570647698,-25.34763526916504,1.346434261404249,1
16,1718268467154,P07,49.79121,9.9317583,P07/1718268467154/media/1718268641760.jpg,2,2,3,4,5,2,4,2,2,3,4,4,4,2,3,3,Image,2024-06-13 10:47:47.154,,1718268641760.jpg,7,1718268641760,0.0,4.0,1,Dommerschulstr,116.90092608333333,114.54873091666667,110.58092033333334,114.0,0.022608166666666665,0.03197382110839311,-25.34763526916504,1.346434261404249,1
17,1718268467154,P07,49.79121,9.9317583,P07/1718268467154/media/1718268657255.jpg,2,2,3,4,5,2,4,2,2,3,4,4,4,2,3,3,Image,2024-06-13 10:47:47.154,,1718268657255.jpg,8,1718268657255,0.0,3.0,1,Dommerschulstr,112.6716605,141.92442975,138.92090425,131.0,0.4147285,0.5865338425297147,-25.34763526916504,1.346434261404249,1
21,1718269293446,P07,49.795275,9.933345,P07/1718269293446/media/1718269458566.jpg,1,1,1,3,5,5,5,4,5,3,1,1,2,2,5,1,Image,2024-06-13 11:01:33.446,,1718269458566.jpg,9,1718269458566,7.0,1.0,4,Eichhornstr,145.27836316666668,128.47136633333332,113.49737016666667,129.0,0.07837983333333333,0.11084944685942398,-25.402830123901367,1.3493661421371483,2
22,1718269293446,P07,49.795275,9.933345,P07/1718269293446/media/1718269475036.jpg,1,1,1,3,5,5,5,4,5,3,1,1,2,2,5,1,Image,2024-06-13 11:01:33.446,,1718269475036.jpg,10,1718269475036,9.0,0.0,4,Eichhornstr,101.42145491666666,114.27533458333333,102.14098316666667,105.0,0.36724508333333333,0.5193799555073869,-25.402830123901367,1.3493661421371483,2
23,1718269293446,P07,49.795275,9.933345,P07/1718269293446/media/1718269482704.jpg,1,1,1,3,5,5,5,4,5,3,1,1,2,2,5,1,Image,2024-06-13 11:01:33.446,,1718269482704.jpg,11,1718269482704,5.0,0.0,4,Eichhornstr,111.498325,117.97404958333334,107.03931566666667,112.0,0.27743491666666664,0.39236504779490966,-25.402830123901367,1.3493661421371483,2
27,1718270040934,P07,49.7963654,9.9351056,P07/1718270040934/media/1718270224155.jpg,2,3,4,4,3,2,3,2,2,4,2,2,5,4,4,4,Image,2024-06-13 11:14:00.934,,1718270224155.jpg,12,1718270224155,1.0,3.0,0,Semmelstr,124.276798,111.5830035,97.86796491666666,111.0,0.03470775,0.04908577532786078,-24.905778884887695,1.3229634102540853,2
28,1718270040934,P07,49.7963654,9.9351056,P07/1718270040934/media/1718270231787.jpg,2,3,4,4,3,2,3,2,2,4,2,2,5,4,4,4,Image,2024-06-13 11:14:00.934,,1718270231787.jpg,13,1718270231787,1.0,0.0,0,Semmelstr,109.026799,108.29703325,107.88968516666667,108.0,0.17421075,0.24637925922014886,-24.905778884887695,1.3229634102540853,2
29,1718270040934,P07,49.7963654,9.9351056,P07/1718270040934/media/1718270275148.jpg,2,3,4,4,3,2,3,2,2,4,2,2,5,4,4,4,Image,2024-06-13 11:14:00.934,,1718270275148.jpg,14,1718270275148,0.0,0.0,0,Semmelstr,175.04019816666667,140.35222583333334,105.27859341666667,140.0,0.06874375,0.09722152163982481,-24.905778884887695,1.3229634102540853,2
33,1718270244840,P09,49.7996317,9.9335133,P09/1718270244840/media/1718270339733.jpg,3,3,3,2,3,3,3,3,3,2,2,1,3,1,3,3,Image,2024-06-13 11:17:24.840,,1718270339733.jpg,15,1718270339733,0.0,0.0,3,Klinikstr,134.67115675,140.26104041666667,133.68848141666666,136.0,0.27121883333333335,0.3835738910671109,-29.38189697265625,1.5607291303090187,2
34,1718270244840,P09,49.7996317,9.9335133,P09/1718270244840/media/1718270374436.jpg,3,3,3,2,3,3,3,3,3,2,2,1,3,1,3,3,Image,2024-06-13 11:17:24.840,,1718270374436.jpg,16,1718270374436,0.0,0.0,3,Klinikstr,130.28032891666666,133.05688008333334,130.53003475,131.0,0.37825025,0.5349441202384819,-29.38189697265625,1.5607291303090187,2
35,1718270244840,P09,49.7996317,9.9335133,P09/1718270244840/media/1718270386180.jpg,3,3,3,2,3,3,3,3,3,2,2,1,3,1,3,3,Image,2024-06-13 11:17:24.840,,1718270386180.jpg,17,1718270386180,0.0,7.0,3,Klinikstr,130.79813175,134.15568125,119.606783,128.0,0.27184633333333336,0.3844613390871708,-29.38189697265625,1.5607291303090187,2
39,1718271504316,P09,49.795545,9.930225,P09/1718271504316/media/1718271576552.jpg,1,2,4,5,3,4,3,3,3,5,1,1,5,2,3,3,Image,2024-06-13 11:38:24.316,,1718271576552.jpg,18,1718271576552,5.0,0.0,2,Katharinengasse/Marienplatz,109.02793408333334,117.19335058333333,123.21780058333333,116.0,0.093003,0.1315304035213183,-33.193450927734375,1.7631940458647137,2
40,1718271504316,P09,49.795545,9.930225,P09/1718271504316/media/1718271586933.jpg,1,2,4,5,3,4,3,3,3,5,1,1,5,2,3,3,Image,2024-06-13 11:38:24.316,,1718271586933.jpg,19,1718271586933,0.0,0.0,2,Katharinengasse/Marienplatz,115.20809683333333,120.692426,124.670887,120.0,0.05051708333333333,0.07144427981412854,-33.193450927734375,1.7631940458647137,2
41,1718271504316,P09,49.795545,9.930225,P09/1718271504316/media/1718271594273.jpg,1,2,4,5,3,4,3,3,3,5,1,1,5,2,3,3,Image,2024-06-13 11:38:24.316,,1718271594273.jpg,20,1718271594273,0.0,1.0,2,Katharinengasse/Marienplatz,83.18710841929511,84.07415236725518,84.78164433589015,84.0,0.044748915375403174,0.06328659179239492,-33.193450927734375,1.7631940458647137,2
45,1718272521723,P09,49.7913533,9.93108,P09/1718272521723/media/1718272615619.jpg,1,4,4,5,2,2,2,2,2,5,1,1,3,3,3,3,Image,2024-06-13 11:55:21.723,,1718272615619.jpg,21,1718272615619,0.0,0.0,1,Dommerschulstr,120.55772783333333,122.81861041666667,110.46473691666667,117.0,0.4067435,0.575240978083216,-28.374786376953125,1.507232691817674,2
46,1718272521723,P09,49.7913533,9.93108,P09/1718272521723/media/1718272623492.jpg,1,4,4,5,2,2,2,2,2,5,1,1,3,3,3,3,Image,2024-06-13 11:55:21.723,,1718272623492.jpg,22,1718272623492,0.0,1.0,1,Dommerschulstr,130.0292035,123.87656433333333,117.21657208333333,123.0,0.07569758333333333,0.10705604852985337,-28.374786376953125,1.507232691817674,2
47,1718272521723,P09,49.7913533,9.93108,P09/1718272521723/media/1718272631217.jpg,1,4,4,5,2,2,2,2,2,5,1,1,3,3,3,3,Image,2024-06-13 11:55:21.723,,1718272631217.jpg,23,1718272631217,2.0,0.0,1,Dommerschulstr,128.67283225,120.93847983333333,107.86098933333334,119.0,0.17971566666666666,0.2541646415252132,-28.374786376953125,1.507232691817674,2
51,1718273580862,P09,49.7950917,9.9340167,P09/1718273580862/media/1718273655331.jpg,1,5,5,5,1,2,2,3,2,5,1,1,4,4,3,3,Image,2024-06-13 12:13:00.862,,1718273655331.jpg,24,1718273655331,1.0,1.0,4,Eichhornstr,142.89549291666665,146.18643758333334,142.38181533333332,143.0,0.10791091666666666,0.15261407065924776,-26.092363357543945,1.385993273634603,3
52,1718273580862,P09,49.7950917,9.9340167,P09/1718273580862/media/1718273665637.jpg,1,5,5,5,1,2,2,3,2,5,1,1,4,4,3,3,Image,2024-06-13 12:13:00.862,,1718273665637.jpg,25,1718273665637,0.0,0.0,4,Eichhornstr,154.12895058333334,146.93172991666665,134.16844216666667,145.0,0.11440233333333333,0.1617946202500317,-26.092363357543945,1.385993273634603,3
53,1718273580862,P09,49.7950917,9.9340167,P09/1718273580862/media/1718273682043.jpg,1,5,5,5,1,2,2,3,2,5,1,1,4,4,3,3,Image,2024-06-13 12:13:00.862,,1718273682043.jpg,26,1718273682043,0.0,0.0,4,Eichhornstr,150.69113925,129.61961808333334,104.21920616666667,128.0,0.08468733333333334,0.11976989050329263,-26.092363357543945,1.385993273634603,3
57,1718274113593,P09,49.79619,9.9352333,P09/1718274113593/media/1718274217642.jpg,2,3,3,3,2,2,3,3,3,4,2,2,3,2,3,3,Image,2024-06-13 12:21:53.593,,1718274217642.jpg,27,1718274217642,0.0,0.0,0,Semmelstr,74.95683883333334,119.91727358333333,106.16801916666667,100.0,0.6918490833333333,0.9784543413297153,-27.641115188598633,1.4682610081037557,3
58,1718274113593,P09,49.79619,9.9352333,P09/1718274113593/media/1718274226392.jpg,2,3,3,3,2,2,3,3,3,4,2,2,3,2,3,3,Image,2024-06-13 12:21:53.593,,1718274226392.jpg,28,1718274226392,1.0,1.0,0,Semmelstr,133.95745158333332,136.82568891666668,137.67652716666666,136.0,0.07780591666666667,0.11003777959326831,-27.641115188598633,1.4682610081037557,3
59,1718274113593,P09,49.79619,9.9352333,P09/1718274113593/media/1718274238587.jpg,2,3,3,3,2,2,3,3,3,4,2,2,3,2,3,3,Image,2024-06-13 12:21:53.593,,1718274238587.jpg,29,1718274238587,0.0,2.0,0,Semmelstr,120.75827956130104,114.0588176949018,107.9122044145415,114.0,0.2575082242279971,0.364183527872935,-27.641115188598633,1.4682610081037557,3
63,1718269063538,P11,49.8003079,9.9325363,P11/1718269063538/media/1718269442662.jpg,2,3,4,5,2,1,2,3,3,3,1,2,2,2,5,5,Image,2024-06-13 10:57:43.538,,1718269442662.jpg,30,1718269442662,0.0,2.0,3,Klinikstr,98.15135933333333,109.81794483333333,89.08098158333334,99.0,0.4274860833333333,0.6045763796929264,-25.86905860900879,1.374131608395647,2
64,1718269063538,P11,49.8003079,9.9325363,P11/1718269063538/media/1718269459366.jpg,2,3,4,5,2,1,2,3,3,3,1,2,2,2,5,5,Image,2024-06-13 10:57:43.538,,1718269459366.jpg,31,1718269459366,1.0,2.0,3,Klinikstr,114.82174041666667,122.3948675,102.168958,113.0,0.34681216666666664,0.4904825030135519,-25.86905860900879,1.374131608395647,2
65,1718269063538,P11,49.8003079,9.9325363,P11/1718269063538/media/1718269472262.jpg,2,3,4,5,2,1,2,3,3,3,1,2,2,2,5,5,Image,2024-06-13 10:57:43.538,,1718269472262.jpg,32,1718269472262,0.0,0.0,3,Klinikstr,150.55652275,136.40999925,117.88832491666666,134.0,0.05944625,0.08407244121511316,-25.86905860900879,1.374131608395647,2
69,1718270444854,P11,49.7954817,9.929725,P11/1718270444854/media/1718270900290.jpg,2,4,2,2,3,2,3,2,4,2,1,2,5,4,4,3,Image,2024-06-13 11:20:44.854,,1718270900290.jpg,33,1718270900290,2.0,0.0,2,Katharinengasse/Marienplatz,125.51112875,126.34633875,122.953263,124.0,0.12778066666666665,0.18071505917970102,-31.97898292541504,1.6986830447264292,2
70,1718270444854,P11,49.7954817,9.929725,P11/1718270444854/media/1718270913273.jpg,2,4,2,2,3,2,3,2,4,2,1,2,5,4,4,3,Image,2024-06-13 11:20:44.854,,1718270913273.jpg,34,1718270913273,0.0,0.0,2,Katharinengasse/Marienplatz,88.5197365,105.60841833333333,117.98980683333333,104.0,0.12582833333333332,0.17795395264398223,-31.97898292541504,1.6986830447264292,2
71,1718270444854,P11,49.7954817,9.929725,P11/1718270444854/media/1718270927767.jpg,2,4,2,2,3,2,3,2,4,2,1,2,5,4,4,3,Image,2024-06-13 11:20:44.854,,1718270927767.jpg,35,1718270927767,1.0,0.0,2,Katharinengasse/Marienplatz,116.12396108333333,111.1430925,103.41584525,110.0,0.105379,0.14903328271854674,-31.97898292541504,1.6986830447264292,2
75,1718272492896,P11,49.7952817,9.9329783,P11/1718272492896/media/1718272856293.jpg,1,1,5,5,1,1,1,2,4,4,1,1,5,2,5,5,Image,2024-06-13 11:54:52.896,,1718272856293.jpg,39,1718272856293,10.0,1.0,4,Eichhornstr,138.70224408333334,126.10329475,110.13378041666667,124.0,0.13037708333333334,0.18438706687704567,-28.557832717895508,1.5169558814664268,3
76,1718272492896,P11,49.7952817,9.9329783,P11/1718272492896/media/1718272869310.jpg,1,1,5,5,1,1,1,2,4,4,1,1,5,2,5,5,Image,2024-06-13 11:54:52.896,,1718272869310.jpg,40,1718272869310,2.0,4.0,4,Eichhornstr,141.2211645,137.90372325,138.02742591666666,139.0,0.05678958333333333,0.08031522436524484,-28.557832717895508,1.5169558814664268,3
77,1718272492896,P11,49.7952817,9.9329783,P11/1718272492896/media/1718272881145.jpg,1,1,5,5,1,1,1,2,4,4,1,1,5,2,5,5,Image,2024-06-13 11:54:52.896,,1718272881145.jpg,41,1718272881145,1.0,0.0,4,Eichhornstr,106.25515516666667,108.78929108333334,116.29081058333334,110.0,0.07312216666666667,0.10341374028816015,-28.557832717895508,1.5169558814664268,3
81,1718273279572,P11,49.796665,9.9355217,P11/1718273279572/media/1718273662914.jpg,3,2,5,5,1,1,1,1,1,3,2,4,5,4,5,5,Image,2024-06-13 12:07:59.572,,1718273662914.jpg,42,1718273662914,0.0,4.0,0,Semmelstr,109.82136666666666,113.09021125,120.40691291666667,114.0,0.11452841666666666,0.16197293483892286,-28.9794864654541,1.5393535941577174,3
82,1718273279572,P11,49.796665,9.9355217,P11/1718273279572/media/1718273682825.jpg,3,2,5,5,1,1,1,1,1,3,2,4,5,4,5,5,Image,2024-06-13 12:07:59.572,,1718273682825.jpg,43,1718273682825,2.0,4.0,0,Semmelstr,130.36688541666666,125.14525575,119.13664133333333,124.0,0.07702166666666667,0.10892864635066761,-28.9794864654541,1.5393535941577174,3
83,1718273279572,P11,49.796665,9.9355217,P11/1718273279572/media/1718273710580.jpg,3,2,5,5,1,1,1,1,1,3,2,4,5,4,5,5,Image,2024-06-13 12:07:59.572,,1718273710580.jpg,44,1718273710580,0.0,0.0,0,Semmelstr,70.97928325,97.99348075,115.32360675,94.0,0.010307666666666666,0.014577718525530452,-28.9794864654541,1.5393535941577174,3
85,1718268361388,P19,49.7950133,9.929335,P19/1718268361388/media/1718268413162.jpg,1,1,1,1,5,5,5,5,5,4,1,1,2,1,3,3,Image,2024-06-13 10:46:01.388,,1718268413162.jpg,45,1718268413162,8.0,0.0,2,Katharinengasse/Marienplatz,154.2519705,130.22603975,108.57808133333333,131.0,0.020135,0.028476120930526372,-34.421024322509766,1.8284011888412648,1
86,1718268361388,P19,49.7950133,9.929335,P19/1718268361388/media/1718268473543.jpg,1,1,1,1,5,5,5,5,5,4,1,1,2,1,3,3,Image,2024-06-13 10:46:01.388,,1718268473543.jpg,46,1718268473543,1.0,0.0,2,Katharinengasse/Marienplatz,107.62911816666667,124.54250583333334,111.37546808333333,114.0,0.37373866666666666,0.5285635693277222,-34.421024322509766,1.8284011888412648,1
87,1718268361388,P19,49.7950133,9.929335,P19/1718268361388/media/1718268519799.jpg,1,1,1,1,5,5,5,5,5,4,1,1,2,1,3,3,Image,2024-06-13 10:46:01.388,,1718268519799.jpg,47,1718268519799,0.0,0.0,2,Katharinengasse/Marienplatz,121.94798808333333,128.61703691666668,110.0015195,120.0,0.40099141666666666,0.5671060378993339,-34.421024322509766,1.8284011888412648,1
90,1718269639688,P19,49.7913083,9.9316867,P19/1718269639688/media/1718269639684.jpg,2,3,2,4,3,3,4,2,2,4,2,3,4,3,3,3,Image,2024-06-13 11:07:19.688,,1718269639684.jpg,48,1718269639684,0.0,5.0,1,Dommerschulstr,134.81273728854288,121.93937553064526,94.08531198937908,116.0,0.2677554656462258,0.3786757893991222,-30.533567428588867,1.621904405369137,2
91,1718269639688,P19,49.7913083,9.9316867,P19/1718269639688/media/1718269691794.jpg,2,3,2,4,3,3,4,2,2,4,2,3,4,3,3,3,Image,2024-06-13 11:07:19.688,,1718269691794.jpg,49,1718269691794,0.0,0.0,1,Dommerschulstr,154.87825066666667,134.14955591666666,94.7178225,127.0,0.2658094166666667,0.3759235705722708,-30.533567428588867,1.621904405369137,2
92,1718269639688,P19,49.7913083,9.9316867,P19/1718269639688/media/1718269707615.jpg,2,3,2,4,3,3,4,2,2,4,2,3,4,3,3,3,Image,2024-06-13 11:07:19.688,,1718269707615.jpg,50,1718269707615,1.0,9.0,1,Dommerschulstr,131.60810591666666,112.88816625,97.6440875,114.0,0.007076583333333333,0.010008127279610004,-30.533567428588867,1.621904405369137,2
96,1718270575331,P19,49.7952043,9.9318181,P19/1718270575331/media/1718270575322.jpg,1,2,3,5,2,4,4,4,2,5,1,1,2,2,3,3,Image,2024-06-13 11:22:55.331,,1718270575322.jpg,51,1718270575322,9.0,0.0,4,Eichhornstr,142.399545,135.756687,119.94840966666666,132.0,0.17174291666666666,0.2428891017611777,-29.852346420288086,1.5857188087474159,2
97,1718270575331,P19,49.7952043,9.9318181,P19/1718270575331/media/1718270676960.jpg,1,2,3,5,2,4,4,4,2,5,1,1,2,2,3,3,Image,2024-06-13 11:22:55.331,,1718270676960.jpg,52,1718270676960,9.0,0.0,4,Eichhornstr,112.94790008333334,112.52510891666667,109.5177635,111.0,0.15931016666666667,0.22530596332070085,-29.852346420288086,1.5857188087474159,2
98,1718270575331,P19,49.7952043,9.9318181,P19/1718270575331/media/1718270779320.jpg,1,2,3,5,2,4,4,4,2,5,1,1,2,2,3,3,Image,2024-06-13 11:22:55.331,,1718270779320.jpg,53,1718270779320,5.0,1.0,4,Eichhornstr,141.0240485,125.22466325,112.76726991666666,126.0,0.07490783333333334,0.1059391368583916,-29.852346420288086,1.5857188087474159,2
102,1718271907026,P19,49.7971455,9.9366472,P19/1718271907026/media/1718271907019.jpg,3,4,4,4,2,3,3,2,2,4,2,3,2,4,3,3,Image,2024-06-13 11:45:07.026,,1718271907019.jpg,54,1718271907019,3.0,8.0,0,Semmelstr,139.58347,124.91747775,108.13176541666667,124.0,0.04012225,0.05674328497664821,-30.08349609375,1.5979971864562874,2
103,1718271907026,P19,49.7971455,9.9366472,P19/1718271907026/media/1718271961695.jpg,3,4,4,4,2,3,3,2,2,4,2,3,2,4,3,3,Image,2024-06-13 11:45:07.026,,1718271961695.jpg,55,1718271961695,5.0,1.0,0,Semmelstr,143.95661508333333,129.91395941666667,108.99025275,127.0,0.13581125,0.1920723903017606,-30.08349609375,1.5979971864562874,2
106,1718271907026,P19,49.7971455,9.9366472,P19/1718271907026/media/1718272311456.jpg,3,4,4,4,2,3,3,2,2,4,2,3,2,4,3,3,Image,2024-06-13 11:45:07.026,,1718272311456.jpg,56,1718272311456,1.0,0.0,0,Semmelstr,149.75209075,129.85818616666666,109.66188325,129.0,0.07898158333333333,0.11170047768981604,-30.08349609375,1.5979971864562874,2
108,1718272839851,P19,49.799855,9.93347,P19/1718272839851/media/1718272839845.jpg,2,3,3,4,4,4,4,4,2,3,1,3,3,3,3,3,Image,2024-06-13 12:00:39.851,,1718272839845.jpg,57,1718272839845,0.0,5.0,3,Klinikstr,144.85482308333334,128.80775008333333,112.97878483333334,128.0,0.013411166666666667,0.01896687379287034,-36.226165771484375,1.9242880148812855,3
109,1718272839851,P19,49.799855,9.93347,P19/1718272839851/media/1718272896655.jpg,2,3,3,4,4,4,4,4,2,3,1,3,3,3,3,3,Image,2024-06-13 12:00:39.851,,1718272896655.jpg,58,1718272896655,1.0,2.0,3,Klinikstr,149.91580316666668,142.44540725,135.62031716666667,142.0,0.022822166666666668,0.032276472704078865,-36.226165771484375,1.9242880148812855,3
110,1718272839851,P19,49.799855,9.93347,P19/1718272839851/media/1718272921178.jpg,2,3,3,4,4,4,4,4,2,3,1,3,3,3,3,3,Image,2024-06-13 12:00:39.851,,1718272921178.jpg,59,1718272921178,2.0,8.0,3,Klinikstr,129.22293233572023,117.17725729487056,101.39571518967064,115.0,0.21550117442810457,0.30477464632158746,-36.226165771484375,1.9242880148812855,3
116,1718271092764,p01,49.8003892,9.9323818,p01/1718271092764/media/1718271337736.jpg,4,4,5,5,2,2,2,2,2,4,4,2,3,3,4,4,Image,2024-06-13 11:31:32.764,,1718271337736.jpg,60,1718271337736,0.0,0.0,3,Klinikstr,82.16061958333333,119.79631583333334,107.17347433333333,103.0,0.6854355,0.969383868292814,-21.930185317993164,1.164903651071948,2
117,1718271092764,p01,49.8003892,9.9323818,p01/1718271092764/media/1718271362400.jpg,4,4,5,5,2,2,2,2,2,4,4,2,3,3,4,4,Image,2024-06-13 11:31:32.764,,1718271362400.jpg,61,1718271362400,0.0,0.0,3,Klinikstr,70.68209391666667,120.63047783333333,108.97742075,100.0,0.6926934166666666,0.9796484480148742,-21.930185317993164,1.164903651071948,2
118,1718271092764,p01,49.8003892,9.9323818,p01/1718271092764/media/1718271379774.jpg,4,4,5,5,2,2,2,2,2,4,4,2,3,3,4,4,Image,2024-06-13 11:31:32.764,,1718271379774.jpg,62,1718271379774,0.0,3.0,3,Klinikstr,113.91980766666667,115.53705366666667,100.56916858333334,110.0,0.31503966666666666,0.44554793374287155,-21.930185317993164,1.164903651071948,2
122,1718272237486,p01,49.7951333,9.9294817,p01/1718272237486/media/1718272411872.jpg,2,2,2,3,4,2,4,4,3,3,2,2,4,2,2,2,Image,2024-06-13 11:50:37.486,,1718272411872.jpg,63,1718272411872,2.0,0.0,2,Katharinengasse/Marienplatz,119.721444,127.78376141666666,127.89357975,125.0,0.167768,0.23726753693928723,-29.53632354736328,1.5689320742463486,2
123,1718272237486,p01,49.7951333,9.9294817,p01/1718272237486/media/1718272427355.jpg,2,2,2,3,4,2,4,4,3,3,2,2,4,2,2,2,Image,2024-06-13 11:50:37.486,,1718272427355.jpg,64,1718272427355,7.0,0.0,2,Katharinengasse/Marienplatz,105.88909,109.59552616666667,109.89341258333333,108.0,0.12330016666666667,0.1743784681775047,-29.53632354736328,1.5689320742463486,2
124,1718272237486,p01,49.7951333,9.9294817,p01/1718272237486/media/1718272462423.jpg,2,2,2,3,4,2,4,4,3,3,2,2,4,2,2,2,Image,2024-06-13 11:50:37.486,,1718272462423.jpg,65,1718272462423,6.0,0.0,2,Katharinengasse/Marienplatz,113.51236433333334,118.48842658333334,117.55266358333333,116.0,0.19487483333333333,0.2756036414361148,-29.53632354736328,1.5689320742463486,2
128,1718273131247,p01,49.7912107,9.9321122,p01/1718273131247/media/1718273375894.jpg,4,4,4,3,2,2,2,2,2,3,2,2,5,3,2,4,Image,2024-06-13 12:05:31.247,,1718273375894.jpg,66,1718273375894,0.0,6.0,1,Dommerschulstr,98.1804455,108.96843816666667,115.06368733333333,107.0,0.277268,0.3921289842644741,-29.861520767211914,1.586206138428985,3
129,1718273131247,p01,49.7912107,9.9321122,p01/1718273131247/media/1718273404822.jpg,4,4,4,3,2,2,2,2,2,3,2,2,5,3,2,4,Image,2024-06-13 12:05:31.247,,1718273404822.jpg,67,1718273404822,0.0,10.0,1,Dommerschulstr,122.5953615,121.34556266666667,124.64054133333333,122.0,0.05608933333333333,0.07932488894524976,-29.861520767211914,1.586206138428985,3
130,1718273131247,p01,49.7912107,9.9321122,p01/1718273131247/media/1718273418185.jpg,4,4,4,3,2,2,2,2,2,3,2,2,5,3,2,4,Image,2024-06-13 12:05:31.247,,1718273418185.jpg,68,1718273418185,1.0,11.0,1,Dommerschulstr,134.15846416666668,129.73319941666668,126.206159,130.0,0.06405566666666666,0.09059135387561396,-29.861520767211914,1.586206138428985,3
134,1718274044788,p01,49.7952767,9.9335267,p01/1718274044788/media/1718274258758.jpg,2,2,2,4,2,3,4,4,4,5,1,2,5,2,5,4,Image,2024-06-13 12:20:44.788,,1718274258758.jpg,69,1718274258758,5.0,0.0,4,Eichhornstr,138.77530591666667,138.18701466666667,134.93347475,137.0,0.12140783333333334,0.17170221722936135,-23.099876403808594,1.2270361591531609,3
135,1718274044788,p01,49.7952767,9.9335267,p01/1718274044788/media/1718274278187.jpg,2,2,2,4,2,3,4,4,4,5,1,2,5,2,5,4,Image,2024-06-13 12:20:44.788,,1718274278187.jpg,70,1718274278187,6.0,2.0,4,Eichhornstr,139.35457166666666,143.80846408333332,145.2143235,142.0,0.0629205,0.08898593330067965,-23.099876403808594,1.2270361591531609,3
136,1718274044788,p01,49.7952767,9.9335267,p01/1718274044788/media/1718274336579.jpg,2,2,2,4,2,3,4,4,4,5,1,2,5,2,5,4,Image,2024-06-13 12:20:44.788,,1718274336579.jpg,71,1718274336579,11.0,0.0,4,Eichhornstr,141.28724516666668,140.99146916666666,138.09305858333335,140.0,0.0932795,0.13192144635406183,-23.099876403808594,1.2270361591531609,3
140,1718275456404,p01,49.7965883,9.9357817,p01/1718275456404/media/1718275887968.jpg,2,4,3,5,2,2,4,3,2,2,1,2,5,3,4,5,Image,2024-06-13 12:44:16.404,,1718275887968.jpg,72,1718275887968,3.0,1.0,0,Semmelstr,130.55146541666667,131.53950475,133.50631816666666,131.0,0.0496865,0.07026961920112236,-29.133514404296875,1.5475353630631457,3
141,1718275456404,p01,49.7965883,9.9357817,p01/1718275456404/media/1718275897528.jpg,2,4,3,5,2,2,4,3,2,2,1,2,5,3,4,5,Image,2024-06-13 12:44:16.404,,1718275897528.jpg,73,1718275897528,0.0,2.0,0,Semmelstr,121.25229158333333,113.8179575,129.40920175,121.0,0.024734916666666665,0.0349815981229944,-29.133514404296875,1.5475353630631457,3
142,1718275456404,p01,49.7965883,9.9357817,p01/1718275456404/media/1718275930117.jpg,2,4,3,5,2,2,4,3,2,2,1,2,5,3,4,5,Image,2024-06-13 12:44:16.404,,1718275930117.jpg,74,1718275930117,0.0,1.0,0,Semmelstr,91.928202,96.59345991666666,126.88119908333333,105.0,0.09683191666666667,0.1369454864134419,-29.133514404296875,1.5475353630631457,3
146,1718268231934,p02,49.800059,9.9325137,p02/1718268231934/media/1718268420395.jpg,2,4,4,4,4,2,3,2,2,2,3,4,3,1,4,3,Image,2024-06-13 10:43:51.934,,1718268420395.jpg,75,1718268420395,1.0,4.0,3,Klinikstr,120.3106665,111.16034775,103.37699325,111.0,0.11663375,0.16495042312295904,-29.026830673217773,1.541868458472875,1
147,1718268231934,p02,49.800059,9.9325137,p02/1718268231934/media/1718268432580.jpg,2,4,4,4,4,2,3,2,2,2,3,4,3,1,4,3,Image,2024-06-13 10:43:51.934,,1718268432580.jpg,76,1718268432580,0.0,0.0,3,Klinikstr,101.568175,114.52236958333333,98.36520541666667,104.0,0.5356560833333334,0.7575568614935244,-29.026830673217773,1.541868458472875,1
148,1718268231934,p02,49.800059,9.9325137,p02/1718268231934/media/1718268470160.jpg,2,4,4,4,4,2,3,2,2,2,3,4,3,1,4,3,Image,2024-06-13 10:43:51.934,,1718268470160.jpg,77,1718268470160,0.0,2.0,3,Klinikstr,125.44633091666667,126.66186391666666,109.84297408333333,120.0,0.34484091666666666,0.4876946433967503,-29.026830673217773,1.541868458472875,1
152,1718269088316,p02,49.7955365,9.9298075,p02/1718269088316/media/1718269230463.jpg,4,2,2,1,5,5,4,2,3,2,1,1,5,2,2,1,Image,2024-06-13 10:58:08.316,,1718269230463.jpg,78,1718269230463,0.0,0.0,2,Katharinengasse/Marienplatz,120.00717008333334,113.02092675,109.258266,114.0,0.0005269166666666666,0.000745197055888247,-27.39623260498047,1.4552531556116621,2
153,1718269088316,p02,49.7955365,9.9298075,p02/1718269088316/media/1718269241977.jpg,4,2,2,1,5,5,4,2,3,2,1,1,5,2,2,1,Image,2024-06-13 10:58:08.316,,1718269241977.jpg,79,1718269241977,0.0,0.0,2,Katharinengasse/Marienplatz,118.37470066666667,122.15171825,124.22040391666667,121.0,0.12561733333333333,0.17765554382767526,-27.39623260498047,1.4552531556116621,2
154,1718269088316,p02,49.7955365,9.9298075,p02/1718269088316/media/1718269251699.jpg,4,2,2,1,5,5,4,2,3,2,1,1,5,2,2,1,Image,2024-06-13 10:58:08.316,,1718269251699.jpg,80,1718269251699,0.0,0.0,2,Katharinengasse/Marienplatz,133.01103691666665,129.96592683333333,131.95135991666666,131.0,0.012767416666666666,0.01805644405117546,-27.39623260498047,1.4552531556116621,2
158,1718269820916,p02,49.7915092,9.9309308,p02/1718269820916/media/1718269975904.jpg,4,4,3,2,4,4,3,2,2,2,2,4,4,5,2,3,Image,2024-06-13 11:10:20.916,,1718269975904.jpg,81,1718269975904,0.0,0.0,1,Dommerschulstr,108.51446666666666,114.92493583333334,98.42283925,107.0,0.43487675,0.6150287024024974,-31.266075134277344,1.6608142863583657,2
159,1718269820916,p02,49.7915092,9.9309308,p02/1718269820916/media/1718269996347.jpg,4,4,3,2,4,4,3,2,2,2,2,4,4,5,2,3,Image,2024-06-13 11:10:20.916,,1718269996347.jpg,82,1718269996347,0.0,0.0,1,Dommerschulstr,96.62287325,88.22894258333334,86.266087,90.0,0.00635975,0.008994338718048925,-31.266075134277344,1.6608142863583657,2
160,1718269820916,p02,49.7915092,9.9309308,p02/1718269820916/media/1718270015273.jpg,4,4,3,2,4,4,3,2,2,2,2,4,4,5,2,3,Image,2024-06-13 11:10:20.916,,1718270015273.jpg,83,1718270015273,0.0,0.0,1,Dommerschulstr,120.25170666666666,116.39019141666667,114.96554025,117.0,0.029581583333333335,0.041836043919366454,-31.266075134277344,1.6608142863583657,2
164,1718270633720,p02,49.7954711,9.9332721,p02/1718270633720/media/1718270780304.jpg,1,1,4,4,5,2,4,4,3,4,1,1,5,4,5,3,Image,2024-06-13 11:23:53.720,,1718270780304.jpg,84,1718270780304,6.0,1.0,4,Eichhornstr,120.40495841666667,116.78349283333333,100.62603708333333,112.0,0.31518366666666664,0.4457515871530526,-28.65132713317871,1.521922186316978,2
165,1718270633720,p02,49.7954711,9.9332721,p02/1718270633720/media/1718270816581.jpg,1,1,4,4,5,2,4,4,3,4,1,1,5,4,5,3,Image,2024-06-13 11:23:53.720,,1718270816581.jpg,85,1718270816581,0.0,0.0,4,Eichhornstr,138.14956908333335,136.66415608333332,134.36185783333335,136.0,0.055976583333333337,0.07916543115359757,-28.65132713317871,1.521922186316978,2
166,1718270633720,p02,49.7954711,9.9332721,p02/1718270633720/media/1718270843809.jpg,1,1,4,4,5,2,4,4,3,4,1,1,5,4,5,3,Image,2024-06-13 11:23:53.720,,1718270843809.jpg,86,1718270843809,0.0,0.0,4,Eichhornstr,140.79057575,134.952804,134.31562925,136.0,0.0023363333333333335,0.0033041822962016285,-28.65132713317871,1.521922186316978,2
170,1718271179213,p02,49.7966318,9.9355849,p02/1718271179213/media/1718271316611.jpg,4,4,4,3,4,2,2,2,2,2,4,2,5,4,4,4,Image,2024-06-13 11:32:59.213,,1718271316611.jpg,87,1718271316611,1.0,1.0,0,Semmelstr,148.59935866666666,134.38251233333332,129.51101033333333,137.0,0.08888491666666666,0.1257063638390742,-30.558095932006836,1.623207328384725,2
171,1718271179213,p02,49.7966318,9.9355849,p02/1718271179213/media/1718271328658.jpg,4,4,4,3,4,2,2,2,2,2,4,2,5,4,4,4,Image,2024-06-13 11:32:59.213,,1718271328658.jpg,88,1718271328658,0.0,0.0,0,Semmelstr,118.76719283333334,114.1023435,119.17713075,117.0,0.0017866666666666667,0.0025268108300243583,-30.558095932006836,1.623207328384725,2
172,1718271179213,p02,49.7966318,9.9355849,p02/1718271179213/media/1718271340668.jpg,4,4,4,3,4,2,2,2,2,2,4,2,5,4,4,4,Image,2024-06-13 11:32:59.213,,1718271340668.jpg,89,1718271340668,1.0,8.0,0,Semmelstr,121.63821083333333,109.12520525,102.03972366666666,110.0,0.054116,0.07653408295387958,-30.558095932006836,1.623207328384725,2
176,1718272882985,p03,49.80038,9.9323265,p03/1718272882985/media/1718273085325.jpg,4,4,4,4,2,2,2,3,2,3,2,2,3,3,5,5,Image,2024-06-13 12:01:22.985,,1718273085325.jpg,90,1718273085325,0.0,3.0,3,Klinikstr,107.96734516666666,126.20917383333334,112.2322395,115.0,0.46382283333333335,0.6559659842234606,-25.15232276916504,1.3360595089317602,3
177,1718272882985,p03,49.80038,9.9323265,p03/1718272882985/media/1718273094721.jpg,4,4,4,4,2,2,2,3,2,3,2,2,3,3,5,5,Image,2024-06-13 12:01:22.985,,1718273094721.jpg,91,1718273094721,0.0,4.0,3,Klinikstr,116.77116883333333,125.31535775,120.61153766666666,120.0,0.287769,0.4069801263499699,-25.15232276916504,1.3360595089317602,3
178,1718272882985,p03,49.80038,9.9323265,p03/1718272882985/media/1718273122037.jpg,4,4,4,4,2,2,2,3,2,3,2,2,3,3,5,5,Image,2024-06-13 12:01:22.985,,1718273122037.jpg,92,1718273122037,0.0,0.0,3,Klinikstr,72.83271316666666,115.88867683333334,108.88272733333334,99.0,0.61847,0.8746772541297564,-25.15232276916504,1.3360595089317602,3
182,1718273948834,p03,49.795025,9.929355,p03/1718273948834/media/1718274091992.jpg,1,2,1,1,5,4,5,4,5,4,4,3,4,3,2,2,Image,2024-06-13 12:19:08.834,,1718274091992.jpg,93,1718274091992,4.0,0.0,2,Katharinengasse/Marienplatz,121.37819566666667,124.00093033333333,122.53312733333334,122.0,0.23506725,0.3324461603082332,-30.610702514648438,1.6260017233841753,3
183,1718273948834,p03,49.795025,9.929355,p03/1718273948834/media/1718274113061.jpg,1,2,1,1,5,4,5,4,5,4,4,3,4,3,2,2,Image,2024-06-13 12:19:08.834,,1718274113061.jpg,94,1718274113061,0.0,2.0,2,Katharinengasse/Marienplatz,113.91283766666666,124.73570158333334,138.95577225,125.0,0.20689766666666667,0.29260705121647557,-30.610702514648438,1.6260017233841753,3
184,1718273948834,p03,49.795025,9.929355,p03/1718273948834/media/1718274143803.jpg,1,2,1,1,5,4,5,4,5,4,4,3,4,3,2,2,Image,2024-06-13 12:19:08.834,,1718274143803.jpg,95,1718274143803,1.0,1.0,2,Katharinengasse/Marienplatz,106.9097275,124.14699375,116.05029458333334,115.0,0.39540291666666666,0.5592024470465777,-30.610702514648438,1.6260017233841753,3
188,1718274745909,p03,49.7913667,9.9318017,p03/1718274745909/media/1718274958653.jpg,4,4,4,3,2,3,2,2,3,3,2,3,5,4,4,4,Image,2024-06-13 12:32:25.909,,1718274958653.jpg,96,1718274958653,0.0,8.0,1,Dommerschulstr,124.11620033333334,128.57634983333332,97.98938975,116.0,0.37416525,0.529166868984387,-27.171728134155273,1.4433277626451162,3
189,1718274745909,p03,49.7913667,9.9318017,p03/1718274745909/media/1718274971176.jpg,4,4,4,3,2,3,2,2,3,3,2,3,5,4,4,4,Image,2024-06-13 12:32:25.909,,1718274971176.jpg,97,1718274971176,0.0,3.0,1,Dommerschulstr,157.00698466666665,151.14307666666667,149.20491775,152.0,0.005582916666666667,0.007895694568912402,-27.171728134155273,1.4433277626451162,3
190,1718274745909,p03,49.7913667,9.9318017,p03/1718274745909/media/1718274983572.jpg,4,4,4,3,2,3,2,2,3,3,2,3,5,4,4,4,Image,2024-06-13 12:32:25.909,,1718274983572.jpg,98,1718274983572,0.0,5.0,1,Dommerschulstr,129.18505458333334,124.26296108333334,118.69655708333333,124.0,0.06330025,0.08952299845704256,-27.171728134155273,1.4433277626451162,3
194,1718275690668,p03,49.795585,9.932155,p03/1718275690668/media/1718275843615.jpg,2,3,2,3,4,5,4,4,4,4,2,3,5,2,4,2,Image,2024-06-13 12:48:10.668,,1718275843615.jpg,99,1718275843615,4.0,2.0,4,Eichhornstr,140.309561,139.41576175,134.71488725,138.0,0.0700755,0.09910496211905144,-26.9609432220459,1.432131135250197,3
195,1718275690668,p03,49.795585,9.932155,p03/1718275690668/media/1718275856924.jpg,2,3,2,3,4,5,4,4,4,4,2,3,5,2,4,2,Image,2024-06-13 12:48:10.668,,1718275856924.jpg,100,1718275856924,4.0,0.0,4,Eichhornstr,123.9196295,127.59418975,128.44204516666667,126.0,0.21012766666666666,0.29717511034762034,-26.9609432220459,1.432131135250197,3
196,1718275690668,p03,49.795585,9.932155,p03/1718275690668/media/1718275869384.jpg,2,3,2,3,4,5,4,4,4,4,2,3,5,2,4,2,Image,2024-06-13 12:48:10.668,,1718275869384.jpg,101,1718275869384,8.0,2.0,4,Eichhornstr,123.39782516666666,120.83590083333333,114.57456691666667,119.0,0.2737481666666667,0.38715102550334685,-26.9609432220459,1.432131135250197,3
200,1718276201139,p03,49.796765,9.9355883,p03/1718276201139/media/1718276392283.jpg,4,4,4,4,2,2,3,2,3,4,2,3,5,2,4,4,Image,2024-06-13 12:56:41.139,,1718276392283.jpg,102,1718276392283,1.0,8.0,0,Semmelstr,124.38126333333334,124.47848616666667,124.16517408333333,124.0,0.10128,0.14323623182735093,-31.379051208496094,1.6668154322416708,3
201,1718276201139,p03,49.796765,9.9355883,p03/1718276201139/media/1718276402930.jpg,4,4,4,4,2,2,3,2,3,4,2,3,5,2,4,4,Image,2024-06-13 12:56:41.139,,1718276402930.jpg,103,1718276402930,1.0,6.0,0,Semmelstr,148.82389375,137.45234508333334,127.47151266666667,137.0,0.024962833333333333,0.03530393150079835,-31.379051208496094,1.6668154322416708,4
202,1718276201139,p03,49.796765,9.9355883,p03/1718276201139/media/1718276412759.jpg,4,4,4,4,2,2,3,2,3,4,2,3,5,2,4,4,Image,2024-06-13 12:56:41.139,,1718276412759.jpg,104,1718276412759,1.0,1.0,0,Semmelstr,118.15900983333333,116.66767783333333,118.20464325,117.0,0.13146858333333333,0.1859307314410223,-31.379051208496094,1.6668154322416708,4
204,1718881138033,p04,49.8003967,9.93243,p04/1718881138033/media/1718881260417.jpg,3,2,2,3,4,2,4,2,4,4,2,4,3,1,4,4,Image,2024-06-20 12:58:58.033,,1718881260417.jpg,105,1718881260417,1.0,1.0,3,Klinikstr,146.19649233333334,149.96441525,137.17969391666668,144.0,0.48528025,0.6863123458751463,-29.157468795776367,1.5488077899801573,4
205,1718881138033,p04,49.8003967,9.93243,p04/1718881138033/media/1718881272453.jpg,3,2,2,3,4,2,4,2,4,4,2,4,3,1,4,4,Image,2024-06-20 12:58:58.033,,1718881272453.jpg,106,1718881272453,0.0,8.0,3,Klinikstr,135.27861616666667,141.9395025,137.33295583333333,138.0,0.27436258333333335,0.38801997029111596,-29.157468795776367,1.5488077899801573,4
208,1718882615264,p04,49.7955967,9.9303233,p04/1718882615264/media/1718882628531.jpg,1,1,1,3,4,4,4,5,4,4,1,1,4,2,2,2,Image,2024-06-20 13:23:35.264,,1718882628531.jpg,107,1718882628531,2.0,0.0,2,Katharinengasse/Marienplatz,103.92182308333334,112.91837041666666,123.89355283333333,113.0,0.026933,0.03809025900282428,-32.34455871582031,1.718101967403622,4
211,1718883597973,p04,49.7915033,9.9310349,p04/1718883597973/media/1718883634071.jpg,1,4,5,5,2,2,2,4,2,4,2,3,4,4,5,5,Image,2024-06-20 13:39:57.973,,1718883634071.jpg,108,1718883634071,2.0,1.0,1,Dommerschulstr,119.30854291666667,124.6806325,127.08653375,123.0,0.02642775,0.03737570424244938,-24.008331298828125,1.2752921318545933,4
212,1718883597973,p04,49.7915033,9.9310349,p04/1718883597973/media/1718883652673.jpg,1,4,5,5,2,2,2,4,2,4,2,3,4,4,5,5,Image,2024-06-20 13:39:57.973,,1718883652673.jpg,109,1718883652673,2.0,1.0,1,Dommerschulstr,120.88624475,120.78483083333333,124.08135758333333,121.0,0.011241666666666667,0.015898637172121546,-24.008331298828125,1.2752921318545933,4
215,1718884293809,p04,49.7897917,9.92986,p04/1718884293809/media/1718884348449.jpg,2,1,1,2,4,4,5,4,5,4,2,2,4,2,4,3,Image,2024-06-20 13:51:33.809,,1718884348449.jpg,110,1718884348449,0.0,0.0,1,Dommerschulstr,148.65018458333333,146.89464908333332,150.15674583333333,148.0,0.037963666666666666,0.05369048735863884,-28.970468521118164,1.5388745723834019,4
216,1718884293809,p04,49.7897917,9.92986,p04/1718884293809/media/1718884368779.jpg,2,1,1,2,4,4,5,4,5,4,2,2,4,2,4,3,Image,2024-06-20 13:51:33.809,,1718884368779.jpg,111,1718884368779,1.0,3.0,1,Dommerschulstr,143.71582683333332,143.44659916666666,139.50720333333334,142.0,0.25669691666666666,0.36303612820925013,-28.970468521118164,1.5388745723834019,4
219,1718885731065,p04,49.7967117,9.9353917,p04/1718885731065/media/1718885742930.jpg,2,4,5,4,2,2,2,2,2,4,2,4,4,4,4,4,Image,2024-06-20 14:15:31.065,,1718885742930.jpg,112,1718885742930,0.0,13.0,0,Semmelstr,127.25008158333333,129.6115625,127.55422375,128.0,0.22233733333333333,0.3144427509992924,-29.297794342041016,1.5562617051574374,5
220,1718885731065,p04,49.7967117,9.9353917,p04/1718885731065/media/1718885751524.jpg,2,4,5,4,2,2,2,2,2,4,2,4,4,4,4,4,Image,2024-06-20 14:15:31.065,,1718885751524.jpg,113,1718885751524,4.0,5.0,0,Semmelstr,126.57589925,131.16536841666667,131.02194458333332,129.0,0.17820058333333333,0.25202192008395047,-29.297794342041016,1.5562617051574374,5
225,1718272000850,p05,49.8002417,9.9323633,p05/1718272000850/media/1718272290210.jpg,4,4,2,2,4,4,3,3,4,2,2,2,2,1,3,2,Image,2024-06-13 11:46:40.850,,1718272290210.jpg,114,1718272290210,0.0,0.0,3,Klinikstr,98.09254216666666,123.90838891666667,104.5619615,108.0,0.6790895,0.9604089756469179,-26.33350372314453,1.3988023442482687,2
226,1718272000850,p05,49.8002417,9.9323633,p05/1718272000850/media/1718272359961.jpg,4,4,2,2,4,4,3,3,4,2,2,2,2,1,3,2,Image,2024-06-13 11:46:40.850,,1718272359961.jpg,115,1718272359961,1.0,5.0,3,Klinikstr,103.94669525,121.20323216666667,108.08775941666667,111.0,0.47843633333333335,0.6766332697073567,-26.33350372314453,1.3988023442482687,2
227,1718272000850,p05,49.8002417,9.9323633,p05/1718272000850/media/1718272377357.jpg,4,4,2,2,4,4,3,3,4,2,2,2,2,1,3,2,Image,2024-06-13 11:46:40.850,,1718272377357.jpg,116,1718272377357,0.0,7.0,3,Klinikstr,88.16705933333333,110.559349,101.18568925,99.0,0.5560146666666667,0.7863491873427519,-26.33350372314453,1.3988023442482687,2
231,1718273090711,p05,49.7955182,9.9310734,p05/1718273090711/media/1718273306811.jpg,2,2,3,3,4,4,4,3,4,4,1,1,5,2,4,3,Image,2024-06-13 12:04:50.711,,1718273306811.jpg,117,1718273306811,15.0,3.0,2,Katharinengasse/Marienplatz,130.68377341666667,120.53732741666667,111.86492933333334,121.0,0.073224,0.10355775907707292,-23.453994750976562,1.2458464769660738,3
232,1718273090711,p05,49.7955182,9.9310734,p05/1718273090711/media/1718273330052.jpg,2,2,3,3,4,4,4,3,4,4,1,1,5,2,4,3,Image,2024-06-13 12:04:50.711,,1718273330052.jpg,118,1718273330052,11.0,0.0,2,Katharinengasse/Marienplatz,137.59744933333334,129.761684,119.1544315,128.0,0.07558775,0.1069007156625972,-23.453994750976562,1.2458464769660738,3
233,1718273090711,p05,49.7955182,9.9310734,p05/1718273090711/media/1718273355786.jpg,2,2,3,3,4,4,4,3,4,4,1,1,5,2,4,3,Image,2024-06-13 12:04:50.711,,1718273355786.jpg,119,1718273355786,10.0,1.0,2,Katharinengasse/Marienplatz,120.15240941666667,121.18693608333334,119.597135,120.0,0.11074275,0.15661901868284328,-23.453994750976562,1.2458464769660738,3
237,1718273914954,p05,49.79133,9.931735,p05/1718273914954/media/1718274116683.jpg,4,4,2,2,5,5,4,3,3,2,2,2,4,1,2,2,Image,2024-06-13 12:18:34.954,,1718274116683.jpg,120,1718274116683,0.0,6.0,1,Dommerschulstr,102.45402233333333,112.50626491666667,98.563277,104.0,0.4383695,0.619968358294233,-26.767927169799805,1.4218783671720137,3
238,1718273914954,p05,49.79133,9.931735,p05/1718273914954/media/1718274145963.jpg,4,4,2,2,5,5,4,3,3,2,2,2,4,1,2,2,Image,2024-06-13 12:18:34.954,,1718274145963.jpg,121,1718274145963,0.0,7.0,1,Dommerschulstr,124.36544775,131.45826433333335,116.52230825,124.0,0.36019475,0.5094089525473412,-26.767927169799805,1.4218783671720137,3
239,1718273914954,p05,49.79133,9.931735,p05/1718273914954/media/1718274154867.jpg,4,4,2,2,5,5,4,3,3,2,2,2,4,1,2,2,Image,2024-06-13 12:18:34.954,,1718274154867.jpg,122,1718274154867,4.0,6.0,1,Dommerschulstr,131.2362955,128.976849,119.98105558333333,126.0,0.19902883333333332,0.28147847661592146,-26.767927169799805,1.4218783671720137,3
243,1718274784603,p05,49.7952497,9.9340678,p05/1718274784603/media/1718274963004.jpg,1,2,2,2,5,5,5,5,5,4,1,1,3,2,3,2,Image,2024-06-13 12:33:04.603,,1718274963004.jpg,123,1718274963004,7.0,3.0,4,Eichhornstr,134.50082566666666,127.87858825,115.13748916666667,125.0,0.16854666666666668,0.23836877389804415,-28.68937110900879,1.5239430340983868,3
244,1718274784603,p05,49.7952497,9.9340678,p05/1718274784603/media/1718274969459.jpg,1,2,2,2,5,5,5,5,5,4,1,1,3,2,3,2,Image,2024-06-13 12:33:04.603,,1718274969459.jpg,124,1718274969459,6.0,1.0,4,Eichhornstr,141.7333105,134.610449,119.02663675,131.0,0.18770266666666666,0.2654603344912978,-28.68937110900879,1.5239430340983868,3
245,1718274784603,p05,49.7952497,9.9340678,p05/1718274784603/media/1718274980087.jpg,1,2,2,2,5,5,5,5,5,4,1,1,3,2,3,2,Image,2024-06-13 12:33:04.603,,1718274980087.jpg,125,1718274980087,4.0,0.0,4,Eichhornstr,124.267332,139.98265858333335,138.58811016666667,134.0,0.40620141666666665,0.5744743314204683,-28.68937110900879,1.5239430340983868,3
249,1718275480952,p05,49.7969567,9.9368117,p05/1718275480952/media/1718275638474.jpg,2,2,3,3,4,4,4,4,4,3,1,1,5,2,2,2,Image,2024-06-13 12:44:40.952,,1718275638474.jpg,126,1718275638474,2.0,7.0,0,Semmelstr,143.81168633333334,129.47576816666665,109.71438858333333,127.0,0.14158208333333333,0.20023384785676,-24.681703567504883,1.311060813374515,3
250,1718275480952,p05,49.7969567,9.9368117,p05/1718275480952/media/1718275655593.jpg,2,2,3,3,4,4,4,4,4,3,1,1,5,2,2,2,Image,2024-06-13 12:44:40.952,,1718275655593.jpg,127,1718275655593,3.0,5.0,0,Semmelstr,135.83538358333334,125.81211558333334,110.26510075,123.0,0.16610125,0.23491031942943102,-24.681703567504883,1.311060813374515,3
251,1718275480952,p05,49.7969567,9.9368117,p05/1718275480952/media/1718275685805.jpg,2,2,3,3,4,4,4,4,4,3,1,1,5,2,2,2,Image,2024-06-13 12:44:40.952,,1718275685805.jpg,128,1718275685805,3.0,5.0,0,Semmelstr,139.977425,129.43482333333333,111.61420133333333,127.0,0.175026,0.2475322345163302,-24.681703567504883,1.311060813374515,3
255,1718882287230,p06,49.8001011,9.9323568,p06/1718882287230/media/1718882602130.jpg,3,4,2,2,5,4,3,4,3,3,1,2,2,2,2,2,Image,2024-06-20 13:18:07.230,,1718882602130.jpg,129,1718882602130,2.0,8.0,3,Klinikstr,105.07299783333333,115.79875425,109.45669491666666,110.0,0.4550571666666667,0.6435690542986191,-31.055383682250977,1.6496226234446103,4
256,1718882287230,p06,49.8001011,9.9323568,p06/1718882287230/media/1718882617918.jpg,3,4,2,2,5,4,3,4,3,3,1,2,2,2,2,2,Image,2024-06-20 13:18:07.230,,1718882617918.jpg,130,1718882617918,0.0,6.0,3,Klinikstr,128.63717783333334,131.65075183333335,130.55574416666667,130.0,0.19960025,0.2822866082325948,-31.055383682250977,1.6496226234446103,4
257,1718882287230,p06,49.8001011,9.9323568,p06/1718882287230/media/1718882645507.jpg,3,4,2,2,5,4,3,4,3,3,1,2,2,2,2,2,Image,2024-06-20 13:18:07.230,,1718882645507.jpg,131,1718882645507,0.0,0.0,3,Klinikstr,68.74895483333333,89.03575175,82.92484816666666,80.0,0.6257310833333334,0.8849463123411611,-31.055383682250977,1.6496226234446103,4
261,1718883391746,p06,49.7956454,9.9303342,p06/1718883391746/media/1718883857826.jpg,2,2,3,4,2,2,4,2,3,4,1,1,5,3,4,4,Image,2024-06-20 13:36:31.746,,1718883857826.jpg,132,1718883857826,0.0,0.0,2,Katharinengasse/Marienplatz,121.77745683333333,125.29966225,140.95496575,129.0,0.005509,0.007791157199218763,-29.97344398498535,1.5921513579122433,4
262,1718883391746,p06,49.7956454,9.9303342,p06/1718883391746/media/1718883891019.jpg,2,2,3,4,2,2,4,2,3,4,1,1,5,3,4,4,Image,2024-06-20 13:36:31.746,,1718883891019.jpg,133,1718883891019,1.0,0.0,2,Katharinengasse/Marienplatz,104.28773016666666,106.30853775,114.24999591666666,108.0,0.04345325,0.06145418434687833,-29.97344398498535,1.5921513579122433,4
263,1718883391746,p06,49.7956454,9.9303342,p06/1718883391746/media/1718883954851.jpg,2,2,3,4,2,2,4,2,3,4,1,1,5,3,4,4,Image,2024-06-20 13:36:31.746,,1718883954851.jpg,134,1718883954851,2.0,0.0,2,Katharinengasse/Marienplatz,88.07169825,97.72051191666667,112.32283316666667,99.0,0.07617908333333333,0.10773701462014632,-29.97344398498535,1.5921513579122433,4
267,1718884544559,p06,49.7915158,9.9317629,p06/1718884544559/media/1718884772751.jpg,2,3,4,5,1,2,3,2,1,4,1,2,5,5,5,4,Image,2024-06-20 13:55:44.559,,1718884772751.jpg,135,1718884772751,1.0,2.0,1,Dommerschulstr,122.62943875,131.32324241666666,137.39601775,130.0,0.11430341666666667,0.16165472638551498,-27.221776962280273,1.4459862929661913,4
268,1718884544559,p06,49.7915158,9.9317629,p06/1718884544559/media/1718884785514.jpg,2,3,4,5,1,2,3,2,1,4,1,2,5,5,5,4,Image,2024-06-20 13:55:44.559,,1718884785514.jpg,136,1718884785514,1.0,14.0,1,Dommerschulstr,136.23647216666666,136.14916825,140.86525283333333,137.0,0.04011683333333333,0.05673562440276987,-27.221776962280273,1.4459862929661913,4
269,1718884544559,p06,49.7915158,9.9317629,p06/1718884544559/media/1718884804167.jpg,2,3,4,5,1,2,3,2,1,4,1,2,5,5,5,4,Image,2024-06-20 13:55:44.559,,1718884804167.jpg,137,1718884804167,2.0,2.0,1,Dommerschulstr,150.99942366666667,154.14790033333333,151.52513808333333,152.0,0.178669,0.25268438294195267,-27.221776962280273,1.4459862929661913,5
273,1718885403870,p06,49.7949772,9.9347882,p06/1718885403870/media/1718885637390.jpg,2,1,1,3,4,4,5,5,4,4,1,1,5,3,4,3,Image,2024-06-20 14:10:03.870,,1718885637390.jpg,138,1718885637390,3.0,0.0,4,Eichhornstr,144.68057875,146.71262358333334,145.80713383333332,145.0,0.13229341666666666,0.18709726006021918,-27.184534072875977,1.4440079978804705,5
274,1718885403870,p06,49.7949772,9.9347882,p06/1718885403870/media/1718885646963.jpg,2,1,1,3,4,4,5,5,4,4,1,1,5,3,4,3,Image,2024-06-20 14:10:03.870,,1718885646963.jpg,139,1718885646963,0.0,0.0,4,Eichhornstr,142.07832533333334,150.59831175,160.29508716666666,150.0,0.00377975,0.0053455484523047955,-27.184534072875977,1.4440079978804705,5
275,1718885403870,p06,49.7949772,9.9347882,p06/1718885403870/media/1718885658294.jpg,2,1,1,3,4,4,5,5,4,4,1,1,5,3,4,3,Image,2024-06-20 14:10:03.870,,1718885658294.jpg,140,1718885658294,4.0,8.0,4,Eichhornstr,128.80501991666668,125.39910766666667,127.02888716666666,127.0,0.049084,0.0694175276758856,-27.184534072875977,1.4440079978804705,5
279,1718886467154,p06,49.7964592,9.935279,p06/1718886467154/media/1718886672300.jpg,3,2,3,3,2,3,4,4,4,4,1,2,4,2,4,4,Image,2024-06-20 14:27:47.154,,1718886672300.jpg,141,1718886672300,3.0,5.0,0,Semmelstr,109.71631591666667,108.2776315,108.64395275,108.0,0.12681891666666667,0.1793548948238563,-27.217615127563477,1.4457652215804984,5
280,1718886467154,p06,49.7964592,9.935279,p06/1718886467154/media/1718886697758.jpg,3,2,3,3,2,3,4,4,4,4,1,2,4,2,4,4,Image,2024-06-20 14:27:47.154,,1718886697758.jpg,142,1718886697758,0.0,1.0,0,Semmelstr,118.41377916666667,122.27730658333333,118.55493408333334,119.0,0.3088378333333333,0.43677693021712183,-27.217615127563477,1.4457652215804984,5
281,1718886467154,p06,49.7964592,9.935279,p06/1718886467154/media/1718886706465.jpg,3,2,3,3,2,3,4,4,4,4,1,2,4,2,4,4,Image,2024-06-20 14:27:47.154,,1718886706465.jpg,143,1718886706465,1.0,4.0,0,Semmelstr,124.01990433333333,123.73387875,124.636033,124.0,0.118418,0.16747381615848383,-27.217615127563477,1.4457652215804984,5
285,1718879608567,p13,49.800302,9.9323858,p13/1718879608567/media/1718879919161.jpg,2,2,3,3,2,2,3,4,4,2,2,2,2,2,3,3,Image,2024-06-20 12:33:28.567,,1718879919161.jpg,144,1718879919161,0.0,8.0,3,Klinikstr,109.33304708333333,126.0298745,132.60323741666667,122.0,0.19643675,0.2778125973776795,-27.543716430664062,1.4630873095196966,3
286,1718879608567,p13,49.800302,9.9323858,p13/1718879608567/media/1718879953443.jpg,2,2,3,3,2,2,3,4,4,2,2,2,2,2,3,3,Image,2024-06-20 12:33:28.567,,1718879953443.jpg,145,1718879953443,0.0,3.0,3,Klinikstr,95.945245,113.74040675,105.46432625,105.0,0.5404419166666666,0.7643252731524934,-27.543716430664062,1.4630873095196966,3
287,1718879608567,p13,49.800302,9.9323858,p13/1718879608567/media/1718879983815.jpg,2,2,3,3,2,2,3,4,4,2,2,2,2,2,3,3,Image,2024-06-20 12:33:28.567,,1718879983815.jpg,146,1718879983815,1.0,6.0,3,Klinikstr,111.63689108333334,122.85733691666667,124.37876708333333,119.0,0.2757470833333333,0.3899780129744193,-27.543716430664062,1.4630873095196966,3
291,1718880840037,p13,49.7954918,9.9297869,p13/1718880840037/media/1718881222444.jpg,3,2,3,3,3,3,3,4,4,3,2,2,5,4,4,4,Image,2024-06-20 12:54:00.037,,1718881222444.jpg,147,1718881222444,5.0,2.0,2,Katharinengasse/Marienplatz,132.86602666666667,139.85167683333333,142.23507616666666,138.0,0.16299225,0.23051338573323008,-27.574806213378906,1.4647387593761572,4
292,1718880840037,p13,49.7954918,9.9297869,p13/1718880840037/media/1718881237758.jpg,3,2,3,3,3,3,3,4,4,3,2,2,5,4,4,4,Image,2024-06-20 12:54:00.037,,1718881237758.jpg,148,1718881237758,4.0,0.0,2,Katharinengasse/Marienplatz,138.54138666666665,144.32148241666667,143.0854825,141.0,0.10042425,0.14202597900955616,-27.574806213378906,1.4647387593761572,4
293,1718880840037,p13,49.7954918,9.9297869,p13/1718880840037/media/1718881253779.jpg,3,2,3,3,3,3,3,4,4,3,2,2,5,4,4,4,Image,2024-06-20 12:54:00.037,,1718881253779.jpg,149,1718881253779,0.0,0.0,2,Katharinengasse/Marienplatz,119.85385683333334,139.39745483333334,153.73916725,137.0,0.03427408333333333,0.04847245799766269,-27.574806213378906,1.4647387593761572,4
297,1718881973844,p13,49.7914587,9.9315914,p13/1718881973844/media/1718882150735.jpg,4,4,2,2,4,3,4,3,3,2,3,4,4,3,2,2,Image,2024-06-20 13:12:53.844,,1718882150735.jpg,150,1718882150735,0.0,2.0,1,Dommerschulstr,116.28879666666667,131.77362783333334,122.47663608333333,123.0,0.42190475,0.5966829243686862,-25.84148597717285,1.3726669851364448,4
298,1718881973844,p13,49.7914587,9.9315914,p13/1718881973844/media/1718882186133.jpg,4,4,2,2,4,3,4,3,3,2,3,4,4,3,2,2,Image,2024-06-20 13:12:53.844,,1718882186133.jpg,151,1718882186133,1.0,6.0,1,Dommerschulstr,142.21959316666667,147.57976283333332,145.90787258333333,145.0,0.16481866666666667,0.23309641339002315,-25.84148597717285,1.3726669851364448,4
299,1718881973844,p13,49.7914587,9.9315914,p13/1718881973844/media/1718882199650.jpg,4,4,2,2,4,3,4,3,3,2,3,4,4,3,2,2,Image,2024-06-20 13:12:53.844,,1718882199650.jpg,152,1718882199650,0.0,4.0,1,Dommerschulstr,116.2224295,128.35357058333332,122.55838525,122.0,0.3396329166666667,0.48032917839520173,-25.84148597717285,1.3726669851364448,4
303,1718883260779,p13,49.7955244,9.933315,p13/1718883260779/media/1718883260776.jpg,2,2,2,3,4,3,4,2,3,4,2,2,4,2,4,3,Image,2024-06-20 13:34:20.779,,1718883260776.jpg,153,1718883260776,6.0,1.0,4,Eichhornstr,150.66132466666667,152.57399508333333,143.19371708333333,148.0,0.2708121666666667,0.3829987587513218,,,4
304,1718883260779,p13,49.7955244,9.933315,p13/1718883260779/media/1718883270673.jpg,2,2,2,3,4,3,4,2,3,4,2,2,4,2,4,3,Image,2024-06-20 13:34:20.779,,1718883270673.jpg,154,1718883270673,9.0,1.0,4,Eichhornstr,150.73513083333333,147.85650158333334,143.17767408333333,147.0,0.17595325,0.2488436069093191,,,4
305,1718883260779,p13,49.7955244,9.933315,p13/1718883260779/media/1718883283420.jpg,2,2,2,3,4,3,4,2,3,4,2,2,4,2,4,3,Image,2024-06-20 13:34:20.779,,1718883283420.jpg,155,1718883283420,6.0,1.0,4,Eichhornstr,143.64197066666668,144.42224933333333,138.22663091666666,142.0,0.32126525,0.4543525259387032,,,4
309,1718883686306,p13,49.79674,9.9354317,p13/1718883686306/media/1718883944658.jpg,4,4,2,3,4,4,4,3,3,3,2,3,4,3,3,3,Image,2024-06-20 13:41:26.306,,1718883944658.jpg,156,1718883944658,0.0,0.0,0,Semmelstr,115.065385,120.60732033333333,125.17276941666667,120.0,0.149509,0.21144456738028644,-27.32636260986328,1.4515417500201366,4
310,1718883686306,p13,49.79674,9.9354317,p13/1718883686306/media/1718883955123.jpg,4,4,2,3,4,4,4,3,3,3,2,3,4,3,3,3,Image,2024-06-20 13:41:26.306,,1718883955123.jpg,157,1718883955123,4.0,8.0,0,Semmelstr,148.416067,147.76716733333333,144.27086983333334,146.0,0.07855425,0.1110961173383065,-27.32636260986328,1.4515417500201366,4
311,1718883686306,p13,49.79674,9.9354317,p13/1718883686306/media/1718883963128.jpg,4,4,2,3,4,4,4,3,3,3,2,3,4,3,3,3,Image,2024-06-20 13:41:26.306,,1718883963128.jpg,158,1718883963128,3.0,6.0,0,Semmelstr,148.1221635,147.99311583333332,144.65359233333334,146.0,0.12791591666666666,0.180906337816694,-27.32636260986328,1.4515417500201366,4
315,1718881820023,p14,49.8000617,9.9301117,p14/1718881820023/media/1718882062285.jpg,3,3,4,4,3,3,3,4,3,4,2,3,2,4,3,3,Image,2024-06-20 13:10:20.023,,1718882062285.jpg,159,1718882062285,0.0,1.0,3,Klinikstr,93.81884641666667,113.73037633333334,101.90731316666667,103.0,0.5878409166666667,0.8313597730773021,-22.294275283813477,1.1842436486302337,4
316,1718881820023,p14,49.8000617,9.9301117,p14/1718881820023/media/1718882073240.jpg,3,3,4,4,3,3,3,4,3,4,2,3,2,4,3,3,Image,2024-06-20 13:10:20.023,,1718882073240.jpg,160,1718882073240,9.0,0.0,3,Klinikstr,128.29232808333333,135.92717483333334,128.336876,130.0,0.391738,0.5540193027604936,-22.294275283813477,1.1842436486302337,4
317,1718881820023,p14,49.8000617,9.9301117,p14/1718881820023/media/1718882085284.jpg,3,3,4,4,3,3,3,4,3,4,2,3,2,4,3,3,Image,2024-06-20 13:10:20.023,,1718882085284.jpg,161,1718882085284,0.0,0.0,3,Klinikstr,119.13683958333333,125.7719965,129.52953033333333,124.0,0.03654325,0.051681649177772924,-22.294275283813477,1.1842436486302337,4
321,1718882810423,p14,49.7956383,9.9304,p14/1718882810423/media/1718883023407.jpg,2,2,2,2,4,4,4,4,4,2,4,3,4,3,2,3,Image,2024-06-20 13:26:50.423,,1718883023407.jpg,162,1718883023407,0.0,0.0,2,Katharinengasse/Marienplatz,95.28286958333334,113.461,131.38584733333334,113.0,0.010158833333333334,0.014367229526350254,-29.728174209594727,1.5791229382839005,4
322,1718882810423,p14,49.7956383,9.9304,p14/1718882810423/media/1718883036834.jpg,2,2,2,2,4,4,4,4,4,2,4,3,4,3,2,3,Image,2024-06-20 13:26:50.423,,1718883036834.jpg,163,1718883036834,2.0,0.0,2,Katharinengasse/Marienplatz,125.62692925,128.84926458333334,130.82793083333334,128.0,0.17681416666666666,0.25006116673604395,-29.728174209594727,1.5791229382839005,4
323,1718882810423,p14,49.7956383,9.9304,p14/1718882810423/media/1718883061520.jpg,2,2,2,2,4,4,4,4,4,2,4,3,4,3,2,3,Image,2024-06-20 13:26:50.423,,1718883061520.jpg,164,1718883061520,0.0,0.0,2,Katharinengasse/Marienplatz,122.54030708333333,127.43081008333333,135.97048125,128.0,0.055099916666666665,0.07792559673513412,-29.728174209594727,1.5791229382839005,4
327,1718883841112,p14,49.7915333,9.9311294,p14/1718883841112/media/1718883976880.jpg,2,5,5,5,2,1,3,2,1,3,3,3,5,3,5,5,Image,2024-06-20 13:44:01.112,,1718883976880.jpg,165,1718883976880,1.0,2.0,1,Dommerschulstr,140.66336341666667,146.89152958333332,146.8100755,144.0,0.1763175,0.24935875103889166,-18.82575035095215,1.0,4
328,1718883841112,p14,49.7915333,9.9311294,p14/1718883841112/media/1718883988355.jpg,2,5,5,5,2,1,3,2,1,3,3,3,5,3,5,5,Image,2024-06-20 13:44:01.112,,1718883988355.jpg,166,1718883988355,0.0,0.0,1,Dommerschulstr,126.98653141666666,143.249306,138.50365591666667,136.0,0.36874083333333335,0.5214953345926532,-18.82575035095215,1.0,4
329,1718883841112,p14,49.7915333,9.9311294,p14/1718883841112/media/1718884003717.jpg,2,5,5,5,2,1,3,2,1,3,3,3,5,3,5,5,Image,2024-06-20 13:44:01.112,,1718884003717.jpg,167,1718884003717,0.0,3.0,1,Dommerschulstr,138.36644766666666,140.72755216666667,136.53558816666666,138.0,0.084596,0.11964072144220557,-18.82575035095215,1.0,4
333,1718884745433,p14,49.7954551,9.933162,p14/1718884745433/media/1718885074486.jpg,3,3,3,4,3,3,3,2,3,4,3,3,4,3,3,3,Image,2024-06-20 13:59:05.433,,1718885074486.jpg,168,1718885074486,9.0,0.0,4,Eichhornstr,157.266203,156.50252575,149.67621825,154.0,0.28005341666666667,0.39606828706268143,-29.2597713470459,1.5542419718513918,5
334,1718884745433,p14,49.7954551,9.933162,p14/1718884745433/media/1718885101801.jpg,3,3,3,4,3,3,3,2,3,4,3,3,4,3,3,3,Image,2024-06-20 13:59:05.433,,1718885101801.jpg,169,1718885101801,3.0,10.0,4,Eichhornstr,125.51055091666667,123.57269158333334,122.84419516666667,123.0,0.04837358333333333,0.06841281394799578,-29.2597713470459,1.5542419718513918,5
335,1718884745433,p14,49.7954551,9.933162,p14/1718884745433/media/1718885127386.jpg,3,3,3,4,3,3,3,2,3,4,3,3,4,3,3,3,Image,2024-06-20 13:59:05.433,,1718885127386.jpg,170,1718885127386,1.0,0.0,4,Eichhornstr,147.398288,138.319603,137.03052391666668,140.0,0.15963825,0.2257699583877627,-29.2597713470459,1.5542419718513918,5
339,1718885592649,p14,49.7962933,9.9357783,p14/1718885592649/media/1718885761617.jpg,3,3,1,1,4,4,3,3,3,1,3,3,3,2,1,2,Image,2024-06-20 14:13:12.649,,1718885761617.jpg,171,1718885761617,0.0,0.0,0,Semmelstr,86.4435415,129.78003041666668,121.68723983333334,112.0,0.6026859166666667,0.8523544597032601,-33.49049377441406,1.778972585425803,5
340,1718885592649,p14,49.7962933,9.9357783,p14/1718885592649/media/1718885804029.jpg,3,3,1,1,4,4,3,3,3,1,3,3,3,2,1,2,Image,2024-06-20 14:13:12.649,,1718885804029.jpg,172,1718885804029,0.0,0.0,0,Semmelstr,157.23441358333332,149.43997033333332,142.019543,149.0,0.04921908333333333,0.06960857060291309,-33.49049377441406,1.778972585425803,5
341,1718885592649,p14,49.7962933,9.9357783,p14/1718885592649/media/1718885818053.jpg,3,3,1,1,4,4,3,3,3,1,3,3,3,2,1,2,Image,2024-06-20 14:13:12.649,,1718885818053.jpg,173,1718885818053,0.0,0.0,0,Semmelstr,136.93809441666667,136.70569458333333,133.02292133333333,135.0,0.12728916666666668,0.18001995049147887,-33.49049377441406,1.778972585425803,5
342,1718270298234,p15,49.7996367,9.9334983,p15/1718270298234/media/1718270298229.jpg,2,4,3,3,4,3,5,5,4,1,1,2,4,1,3,3,Image,2024-06-13 11:18:18.234,,1718270298229.jpg,174,1718270298229,0.0,5.0,3,Klinikstr,129.56419141666666,131.91161241666666,122.48635525,127.0,0.21793983333333333,0.3082235435599088,-42.23200607299805,2.2433106402508987,2
343,1718270298234,p15,49.7996367,9.9334983,p15/1718270298234/media/1718270318319.jpg,2,4,3,3,4,3,5,5,4,1,1,2,4,1,3,3,Image,2024-06-13 11:18:18.234,,1718270318319.jpg,175,1718270318319,0.0,0.0,3,Klinikstr,114.81923725,119.39188766666666,108.119994,114.0,0.35687966666666665,0.5047205634788151,-42.23200607299805,2.2433106402508987,2
344,1718270298234,p15,49.7996367,9.9334983,p15/1718270298234/media/1718270330227.jpg,2,4,3,3,4,3,5,5,4,1,1,2,4,1,3,3,Image,2024-06-13 11:18:18.234,,1718270330227.jpg,176,1718270330227,0.0,1.0,3,Klinikstr,136.71855683333334,123.22943825,108.49429525,122.0,0.03315058333333333,0.04688353712031249,-42.23200607299805,2.2433106402508987,2
351,1718271520478,p15,49.7955417,9.9302117,p15/1718271520478/media/1718271861242.jpg,1,2,2,4,4,3,5,5,4,4,1,1,5,1,4,2,Image,2024-06-13 11:38:40.478,,1718271861242.jpg,177,1718271861242,2.0,1.0,2,Katharinengasse/Marienplatz,112.12779216666667,114.94413191666666,121.041668,116.0,0.025723416666666665,0.036379593928299855,-32.80507278442383,1.7425638910995465,2
352,1718271520478,p15,49.7955417,9.9302117,p15/1718271520478/media/1718271878586.jpg,1,2,2,4,4,3,5,5,4,4,1,1,5,1,4,2,Image,2024-06-13 11:38:40.478,,1718271878586.jpg,178,1718271878586,0.0,0.0,2,Katharinengasse/Marienplatz,127.0628975,125.17700383333333,124.401227,125.0,0.0765225,0.10822269500403299,-32.80507278442383,1.7425638910995465,2
353,1718271520478,p15,49.7955417,9.9302117,p15/1718271520478/media/1718271893887.jpg,1,2,2,4,4,3,5,5,4,4,1,1,5,1,4,2,Image,2024-06-13 11:38:40.478,,1718271893887.jpg,179,1718271893887,0.0,0.0,2,Katharinengasse/Marienplatz,131.72450266666667,120.49074825,113.40893441666667,121.0,0.0067665,0.009569588888820795,-32.80507278442383,1.7425638910995465,2
357,1718272511625,p15,49.7913422,9.931114,p15/1718272511625/media/1718273027650.jpg,2,2,3,3,3,2,4,5,3,3,2,2,3,2,4,3,Image,2024-06-13 11:55:11.625,,1718273027650.jpg,180,1718273027650,3.0,0.0,1,Dommerschulstr,137.69013241666667,143.28344566666667,135.52013175,138.0,0.386071,0.546004692513993,-24.722963333129883,1.3132524798343281,3
358,1718272511625,p15,49.7913422,9.931114,p15/1718272511625/media/1718273041933.jpg,2,2,3,3,3,2,4,5,3,3,2,2,3,2,4,3,Image,2024-06-13 11:55:11.625,,1718273041933.jpg,181,1718273041933,0.0,2.0,1,Dommerschulstr,136.75443141666668,129.98044933333333,123.93838341666667,130.0,0.06908766666666667,0.09770790915360796,-24.722963333129883,1.3132524798343281,3
359,1718272511625,p15,49.7913422,9.931114,p15/1718272511625/media/1718273055239.jpg,2,2,3,3,3,2,4,5,3,3,2,2,3,2,4,3,Image,2024-06-13 11:55:11.625,,1718273055239.jpg,182,1718273055239,1.0,2.0,1,Dommerschulstr,126.08968025,117.46447808333333,106.70118775,116.0,0.10532816666666667,0.14896139117907312,-24.722963333129883,1.3132524798343281,3
363,1718273594943,p15,49.7951983,9.9340783,p15/1718273594943/media/1718273745377.jpg,1,2,3,4,2,2,3,5,2,5,1,2,5,2,5,5,Image,2024-06-13 12:13:14.943,,1718273745377.jpg,183,1718273745377,4.0,2.0,4,Eichhornstr,112.54512016666666,115.02344783333334,113.0160105,113.0,0.14410475,0.20380155389437649,-24.943450927734375,1.3249645014267817,3
364,1718273594943,p15,49.7951983,9.9340783,p15/1718273594943/media/1718273762837.jpg,1,2,3,4,2,2,3,5,2,5,1,2,5,2,5,5,Image,2024-06-13 12:13:14.943,,1718273762837.jpg,184,1718273762837,10.0,0.0,4,Eichhornstr,128.71561175,128.96212041666666,122.57636575,126.0,0.2018945,0.2855312737625109,-24.943450927734375,1.3249645014267817,3
365,1718273594943,p15,49.7951983,9.9340783,p15/1718273594943/media/1718273778129.jpg,1,2,3,4,2,2,3,5,2,5,1,2,5,2,5,5,Image,2024-06-13 12:13:14.943,,1718273778129.jpg,185,1718273778129,6.0,0.0,4,Eichhornstr,136.70914991666666,133.09327766666667,124.76898891666667,131.0,0.13104083333333333,0.18532578181459902,-24.943450927734375,1.3249645014267817,3
369,1718274113238,p15,49.79649,9.9351467,p15/1718274113238/media/1718274556755.jpg,2,2,4,4,2,2,3,5,2,4,1,3,2,2,5,4,Image,2024-06-13 12:21:53.238,,1718274556755.jpg,186,1718274556755,2.0,3.0,0,Semmelstr,128.46596958333333,113.74232625,99.32931308333333,113.0,0.020252416666666665,0.028642178601212206,-25.14275550842285,1.3355513081661157,3
370,1718274113238,p15,49.79649,9.9351467,p15/1718274113238/media/1718274567980.jpg,2,2,4,4,2,2,3,5,2,4,1,3,2,2,5,4,Image,2024-06-13 12:21:53.238,,1718274567980.jpg,187,1718274567980,1.0,10.0,0,Semmelstr,122.42470866666666,119.69504458333333,112.41884341666666,118.0,0.17262016666666666,0.24412976116452037,-25.14275550842285,1.3355513081661157,3
371,1718274113238,p15,49.79649,9.9351467,p15/1718274113238/media/1718274581533.jpg,2,2,4,4,2,2,3,5,2,4,1,3,2,2,5,4,Image,2024-06-13 12:21:53.238,,1718274581533.jpg,188,1718274581533,0.0,0.0,0,Semmelstr,115.2229395,118.71583825,113.72352425,115.0,0.3633179166666667,0.5138259215906086,-25.14275550842285,1.3355513081661157,3
375,1718274066335,p16,49.8001408,9.9320168,p16/1718274066335/media/1718274750475.jpg,3,4,3,3,4,3,4,3,4,2,2,2,2,2,3,4,Image,2024-06-13 12:21:06.335,,1718274750475.jpg,189,1718274750475,0.0,0.0,3,Klinikstr,106.26659508333333,125.44145816666666,107.33799441666666,113.0,0.63088775,0.8922391786733395,-26.77545738220215,1.4222783625114803,3
376,1718274066335,p16,49.8001408,9.9320168,p16/1718274066335/media/1718274765085.jpg,3,4,3,3,4,3,4,3,4,2,2,2,2,2,3,4,Image,2024-06-13 12:21:06.335,,1718274765085.jpg,190,1718274765085,0.0,1.0,3,Klinikstr,120.23182683333333,125.64897166666667,102.43973508333333,116.0,0.4233294166666667,0.5986977731536721,-26.77545738220215,1.4222783625114803,3
377,1718274066335,p16,49.8001408,9.9320168,p16/1718274066335/media/1718274782835.jpg,3,4,3,3,4,3,4,3,4,2,2,2,2,2,3,4,Image,2024-06-13 12:21:06.335,,1718274782835.jpg,191,1718274782835,0.0,2.0,3,Klinikstr,99.94210683333333,121.0431975,95.06512391666666,105.0,0.6610426666666667,0.9348860648739824,-26.77545738220215,1.4222783625114803,3
381,1718275615959,p16,49.7952033,9.9294933,p16/1718275615959/media/1718276528551.jpg,1,2,1,2,5,5,5,5,5,5,2,2,3,2,5,3,Image,2024-06-13 12:46:55.959,,1718276528551.jpg,192,1718276528551,0.0,0.0,2,Katharinengasse/Marienplatz,107.45106625,109.98358583333334,92.35411333333333,103.0,0.5022735833333334,0.7103453339562362,-25.723876953125,1.3664197428297442,4
382,1718275615959,p16,49.7952033,9.9294933,p16/1718275615959/media/1718276540236.jpg,1,2,1,2,5,5,5,5,5,5,2,2,3,2,5,3,Image,2024-06-13 12:46:55.959,,1718276540236.jpg,193,1718276540236,1.0,1.0,2,Katharinengasse/Marienplatz,81.91239958333334,110.68872441666667,101.39288991666666,97.0,0.7070836666666667,1.0,-25.723876953125,1.3664197428297442,4
383,1718275615959,p16,49.7952033,9.9294933,p16/1718275615959/media/1718276549370.jpg,1,2,1,2,5,5,5,5,5,5,2,2,3,2,5,3,Image,2024-06-13 12:46:55.959,,1718276549370.jpg,194,1718276549370,2.0,4.0,2,Katharinengasse/Marienplatz,139.43429541666666,139.17337341666666,139.92644641666666,139.0,0.044984833333333335,0.0636202410747243,-25.723876953125,1.3664197428297442,4
387,1718277151933,p16,49.7914517,9.9317417,p16/1718277151933/media/1718277316937.jpg,5,5,5,5,2,2,3,1,2,4,2,2,5,2,5,5,Image,2024-06-13 13:12:31.933,,1718277316937.jpg,195,1718277316937,1.0,5.0,1,Dommerschulstr,149.67920125,143.34465333333333,140.07252458333335,144.0,0.00438825,0.006206125536299099,-25.879552841186523,1.374689048709159,4
388,1718277151933,p16,49.7914517,9.9317417,p16/1718277151933/media/1718277336123.jpg,5,5,5,5,2,2,3,1,2,4,2,2,5,2,5,5,Image,2024-06-13 13:12:31.933,,1718277336123.jpg,196,1718277336123,0.0,6.0,1,Dommerschulstr,92.64055841666666,114.35665033333333,103.75191808333334,103.0,0.5162803333333333,0.7301545173107756,-25.879552841186523,1.374689048709159,4
389,1718277151933,p16,49.7914517,9.9317417,p16/1718277151933/media/1718277347332.jpg,5,5,5,5,2,2,3,1,2,4,2,2,5,2,5,5,Image,2024-06-13 13:12:31.933,,1718277347332.jpg,197,1718277347332,0.0,3.0,1,Dommerschulstr,135.93002716666666,133.6248965,133.77161775,134.0,0.0443435,0.062713229127529,-25.879552841186523,1.374689048709159,4
393,1718277899537,p16,49.7954733,9.9335122,p16/1718277899537/media/1718278276718.jpg,1,2,2,3,5,4,4,5,4,5,1,1,5,2,5,2,Image,2024-06-13 13:24:59.537,,1718278276718.jpg,198,1718278276718,13.0,0.0,4,Eichhornstr,152.33858591666666,127.25345425,101.73040133333333,127.0,0.025776916666666667,0.0364552568272213,-24.467750549316406,1.2996959001997443,4
394,1718277899537,p16,49.7954733,9.9335122,p16/1718277899537/media/1718278282630.jpg,1,2,2,3,5,4,4,5,4,5,1,1,5,2,5,2,Image,2024-06-13 13:24:59.537,,1718278282630.jpg,199,1718278282630,7.0,0.0,4,Eichhornstr,137.97542333333334,121.46893116666666,96.508392,118.0,0.13854341666666667,0.1959363837659947,-24.467750549316406,1.2996959001997443,4
395,1718277899537,p16,49.7954733,9.9335122,p16/1718277899537/media/1718278297227.jpg,1,2,2,3,5,4,4,5,4,5,1,1,5,2,5,2,Image,2024-06-13 13:24:59.537,,1718278297227.jpg,200,1718278297227,12.0,2.0,4,Eichhornstr,141.5828405,124.48713275,105.37448375,123.0,0.058084666666666666,0.08214680865206428,-24.467750549316406,1.2996959001997443,4
399,1718278547266,p16,49.7966407,9.9356115,p16/1718278547266/media/1718278897681.jpg,2,3,2,3,4,4,4,4,2,4,2,3,5,2,4,4,Image,2024-06-13 13:35:47.266,,1718278897681.jpg,201,1718278897681,1.0,1.0,0,Semmelstr,129.14669858333335,121.4023335,115.78520175,122.0,0.1097975,0.1552821896135818,-27.12889862060547,1.4410527131649429,4
400,1718278547266,p16,49.7966407,9.9356115,p16/1718278547266/media/1718278906742.jpg,2,3,2,3,4,4,4,4,2,4,2,3,5,2,4,4,Image,2024-06-13 13:35:47.266,,1718278906742.jpg,202,1718278906742,3.0,2.0,0,Semmelstr,132.67240125,115.71500566666667,97.47122666666667,115.0,0.034543083333333335,0.04885289388195928,-27.12889862060547,1.4410527131649429,4
401,1718278547266,p16,49.7966407,9.9356115,p16/1718278547266/media/1718278914193.jpg,2,3,2,3,4,4,4,4,2,4,2,3,5,2,4,4,Image,2024-06-13 13:35:47.266,,1718278914193.jpg,203,1718278914193,2.0,8.0,0,Semmelstr,143.8112595,128.04386725,110.68672375,127.0,0.05797008333333333,0.08198475805079172,-27.12889862060547,1.4410527131649429,4
405,1718275541861,p17,49.800025,9.932515,p17/1718275541861/media/1718275704602.jpg,4,4,2,2,5,4,4,2,3,1,1,3,2,2,3,2,Image,2024-06-13 12:45:41.861,,1718275704602.jpg,204,1718275704602,0.0,3.0,3,Klinikstr,133.78015466666668,120.03660508333333,105.8764135,119.0,0.09055041666666666,0.12806181352418924,-23.42084312438965,1.2440855045761878,3
406,1718275541861,p17,49.800025,9.932515,p17/1718275541861/media/1718275727369.jpg,4,4,2,2,5,4,4,2,3,1,1,3,2,2,3,2,Image,2024-06-13 12:45:41.861,,1718275727369.jpg,205,1718275727369,0.0,5.0,3,Klinikstr,127.89522271582244,127.35261340289793,123.84663513332212,126.0,0.08773881539952583,0.12408547889833757,-23.42084312438965,1.2440855045761878,3
407,1718275541861,p17,49.800025,9.932515,p17/1718275541861/media/1718275740319.jpg,4,4,2,2,5,4,4,2,3,1,1,3,2,2,3,2,Image,2024-06-13 12:45:41.861,,1718275740319.jpg,206,1718275740319,0.0,0.0,3,Klinikstr,98.74895333333333,109.73671633333333,87.79332641666667,98.0,0.632469,0.8944754769709006,-23.42084312438965,1.2440855045761878,3
411,1718276440532,p17,49.79552,9.9297165,p17/1718276440532/media/1718276590877.jpg,5,5,3,2,4,4,3,2,2,2,3,4,5,4,3,3,Image,2024-06-13 13:00:40.532,,1718276590877.jpg,207,1718276590877,0.0,1.0,2,Katharinengasse/Marienplatz,147.43812191666666,123.30485091666667,100.32929766666666,123.0,0.05931325,0.08388434466265425,-26.856786727905273,1.4265984742832276,4
412,1718276440532,p17,49.79552,9.9297165,p17/1718276440532/media/1718276600244.jpg,5,5,3,2,4,4,3,2,2,2,3,4,5,4,3,3,Image,2024-06-13 13:00:40.532,,1718276600244.jpg,208,1718276600244,3.0,5.0,2,Katharinengasse/Marienplatz,117.56827983333334,121.30936691666666,123.60042541666667,120.0,0.054539,0.07713231484628645,-26.856786727905273,1.4265984742832276,4
413,1718276440532,p17,49.79552,9.9297165,p17/1718276440532/media/1718276615856.jpg,5,5,3,2,4,4,3,2,2,2,3,4,5,4,3,3,Image,2024-06-13 13:00:40.532,,1718276615856.jpg,209,1718276615856,3.0,0.0,2,Katharinengasse/Marienplatz,129.7538972390427,141.54320553793414,150.3694378614395,140.0,0.02909425361239267,0.04114683308914315,-26.856786727905273,1.4265984742832276,4
417,1718277082309,p17,49.7915056,9.9313222,p17/1718277082309/media/1718277234228.jpg,5,5,2,2,5,5,3,2,3,2,4,2,4,2,2,2,Image,2024-06-13 13:11:22.309,,1718277234228.jpg,210,1718277234228,0.0,4.0,1,Dommerschulstr,108.49707383333333,122.98014466666666,117.73684025,116.0,0.4012541666666667,0.5674776346599247,-28.98522186279297,1.5396582511956547,4
418,1718277082309,p17,49.7915056,9.9313222,p17/1718277082309/media/1718277247254.jpg,5,5,2,2,5,5,3,2,3,2,4,2,4,2,2,2,Image,2024-06-13 13:11:22.309,,1718277247254.jpg,211,1718277247254,0.0,2.0,1,Dommerschulstr,131.279556565784,120.83318214949378,102.85667759495547,118.0,0.319967956034538,0.4525178152437472,-28.98522186279297,1.5396582511956547,4
419,1718277082309,p17,49.7915056,9.9313222,p17/1718277082309/media/1718277255508.jpg,5,5,2,2,5,5,3,2,3,2,4,2,4,2,2,2,Image,2024-06-13 13:11:22.309,,1718277255508.jpg,212,1718277255508,1.0,2.0,1,Dommerschulstr,155.66509691666667,134.0818285,109.68241225,133.0,0.043128,0.06099419634922977,-28.98522186279297,1.5396582511956547,4
423,1718277836626,p17,49.7953456,9.9331809,p17/1718277836626/media/1718277996460.jpg,1,2,2,3,4,4,4,3,2,4,2,1,3,2,4,2,Image,2024-06-13 13:23:56.626,,1718277996460.jpg,213,1718277996460,12.0,2.0,4,Eichhornstr,148.28420983333334,139.7116235,128.6191835,138.0,0.09061175,0.12814855479148862,-28.835128784179688,1.531685497078808,4
424,1718277836626,p17,49.7953456,9.9331809,p17/1718277836626/media/1718278011187.jpg,1,2,2,3,4,4,4,3,2,4,2,1,3,2,4,2,Image,2024-06-13 13:23:56.626,,1718278011187.jpg,214,1718278011187,2.0,5.0,4,Eichhornstr,137.7296255,134.91036308333332,138.21158408333332,136.0,0.06205075,0.08775588084578392,-28.835128784179688,1.531685497078808,4
425,1718277836626,p17,49.7953456,9.9331809,p17/1718277836626/media/1718278025680.jpg,1,2,2,3,4,4,4,3,2,4,2,1,3,2,4,2,Image,2024-06-13 13:23:56.626,,1718278025680.jpg,215,1718278025680,14.0,2.0,4,Eichhornstr,139.44868309864796,124.21966411155965,111.4375628263969,125.0,0.02919913114347046,0.04129515716452762,-28.835128784179688,1.531685497078808,4
429,1718278299994,p17,49.79672,9.9355033,p17/1718278299994/media/1718278474996.jpg,4,2,3,3,3,2,4,4,2,2,4,3,5,4,4,3,Image,2024-06-13 13:31:39.994,,1718278474996.jpg,216,1718278474996,0.0,0.0,0,Semmelstr,101.970124,109.31055275,125.31692183333334,112.0,0.11656608333333333,0.1648547248769712,-29.364587783813477,1.5598096881343329,4
430,1718278299994,p17,49.79672,9.9355033,p17/1718278299994/media/1718278484367.jpg,4,2,3,3,3,2,4,4,2,2,4,3,5,4,4,3,Image,2024-06-13 13:31:39.994,,1718278484367.jpg,217,1718278484367,0.0,0.0,0,Semmelstr,147.683092,154.52626158333334,156.22516916666666,152.0,0.06028716666666667,0.08526171584597957,-29.364587783813477,1.5598096881343329,4
431,1718278299994,p17,49.79672,9.9355033,p17/1718278299994/media/1718278496618.jpg,4,2,3,3,3,2,4,4,2,2,4,3,5,4,4,3,Image,2024-06-13 13:31:39.994,,1718278496618.jpg,218,1718278496618,2.0,8.0,0,Semmelstr,144.08937233333333,138.06250041666667,131.24922766666666,137.0,0.03677925,0.05201541448890301,-29.364587783813477,1.5598096881343329,4
434,1718273026070,p18,49.8001659,9.9322401,p18/1718273026070/media/1718273598321.jpg,4,3,4,3,2,2,4,3,3,4,4,5,2,2,4,4,Image,2024-06-13 12:03:46.070,,1718273598321.jpg,219,1718273598321,0.0,2.0,3,Klinikstr,101.18882116666667,122.27910816666666,111.98312316666667,111.0,0.4661421666666667,0.6592461241031825,-30.784494400024414,1.6352333280817903,3
435,1718273026070,p18,49.8001659,9.9322401,p18/1718273026070/media/1718273615283.jpg,4,3,4,3,2,2,4,3,3,4,4,5,2,2,4,4,Image,2024-06-13 12:03:46.070,,1718273615283.jpg,220,1718273615283,0.0,0.0,3,Klinikstr,112.29710308333334,131.601032,120.36215233333333,121.0,0.5155968333333333,0.7291878707423118,-30.784494400024414,1.6352333280817903,3
436,1718273026070,p18,49.8001659,9.9322401,p18/1718273026070/media/1718273629847.jpg,4,3,4,3,2,2,4,3,3,4,4,5,2,2,4,4,Image,2024-06-13 12:03:46.070,,1718273629847.jpg,221,1718273629847,0.0,0.0,3,Klinikstr,104.11354641666667,108.60585016666667,85.71398933333333,99.0,0.5520033333333333,0.7806761198934025,-30.784494400024414,1.6352333280817903,3
440,1718275564692,p18,49.7950566,9.9292527,p18/1718275564692/media/1718275835795.jpg,3,2,2,1,4,4,4,2,4,2,4,2,4,2,2,2,Image,2024-06-13 12:46:04.692,,1718275835795.jpg,222,1718275835795,5.0,0.0,2,Katharinengasse/Marienplatz,95.04939333333333,118.07903575,108.561292,107.0,0.4798955,0.6786969104551983,-30.763633728027344,1.634125235622888,3
441,1718275564692,p18,49.7950566,9.9292527,p18/1718275564692/media/1718275850012.jpg,3,2,2,1,4,4,4,2,4,2,4,2,4,2,2,2,Image,2024-06-13 12:46:04.692,,1718275850012.jpg,223,1718275850012,0.0,0.0,2,Katharinengasse/Marienplatz,107.69329958333333,109.3712145,89.39524358333334,102.0,0.45714183333333336,0.6465173145469348,-30.763633728027344,1.634125235622888,3
442,1718275564692,p18,49.7950566,9.9292527,p18/1718275564692/media/1718275876352.jpg,3,2,2,1,4,4,4,2,4,2,4,2,4,2,2,2,Image,2024-06-13 12:46:04.692,,1718275876352.jpg,224,1718275876352,10.0,0.0,2,Katharinengasse/Marienplatz,140.52635083333334,121.84892408333333,103.920064,122.0,0.018742083333333333,0.02650617489396587,-30.763633728027344,1.634125235622888,3
446,1718277122119,p18,49.7932106,9.9331436,p18/1718277122119/media/1718277343049.jpg,4,4,4,4,2,2,2,4,2,5,3,1,5,4,5,4,Image,2024-06-13 13:12:02.119,,1718277343049.jpg,225,1718277343049,0.0,4.0,4,Eichhornstr,142.01766666666666,135.60373316666667,107.2100615,128.0,0.28304025,0.4002924453541801,-28.115936279296875,1.4934829026814784,4
447,1718277122119,p18,49.7932106,9.9331436,p18/1718277122119/media/1718277353732.jpg,4,4,4,4,2,2,2,4,2,5,3,1,5,4,5,4,Image,2024-06-13 13:12:02.119,,1718277353732.jpg,226,1718277353732,3.0,3.0,4,Eichhornstr,130.85397841666668,136.16580816666666,137.27734783333332,134.0,0.085503,0.1209234550743877,-28.115936279296875,1.4934829026814784,4
448,1718277122119,p18,49.7932106,9.9331436,p18/1718277122119/media/1718277367972.jpg,4,4,4,4,2,2,2,4,2,5,3,1,5,4,5,4,Image,2024-06-13 13:12:02.119,,1718277367972.jpg,227,1718277367972,3.0,10.0,4,Eichhornstr,138.01156925,133.06321733333334,129.90202791666667,133.0,0.009283416666666667,0.013129162932627964,-28.115936279296875,1.4934829026814784,4
452,1718277918503,p18,49.7954101,9.9331912,p18/1718277918503/media/1718278100697.jpg,3,2,2,2,4,3,4,4,4,4,3,3,5,4,4,2,Image,2024-06-13 13:25:18.503,,1718278100697.jpg,228,1718278100697,18.0,0.0,4,Eichhornstr,142.70289508333335,128.41228583333333,113.26255575,128.0,0.06675641666666667,0.09441091601135368,-26.43741798400879,1.4043221380905897,4
453,1718277918503,p18,49.7954101,9.9331912,p18/1718277918503/media/1718278107879.jpg,3,2,2,2,4,3,4,4,4,4,3,3,5,4,4,2,Image,2024-06-13 13:25:18.503,,1718278107879.jpg,229,1718278107879,4.0,0.0,4,Eichhornstr,138.16771741666668,119.63588183333333,95.921429,117.0,0.08720808333333334,0.12333488587630602,-26.43741798400879,1.4043221380905897,4
454,1718277918503,p18,49.7954101,9.9331912,p18/1718277918503/media/1718278116704.jpg,3,2,2,2,4,3,4,4,4,4,3,3,5,4,4,2,Image,2024-06-13 13:25:18.503,,1718278116704.jpg,230,1718278116704,10.0,1.0,4,Eichhornstr,135.88157541666666,131.6666265,119.87400375,129.0,0.21607991666666668,0.30559313820005274,-26.43741798400879,1.4043221380905897,4
458,1718278344068,p18,49.796784,9.9355711,p18/1718278344068/media/1718278570887.jpg,2,2,2,4,2,2,4,4,4,3,3,3,5,4,4,4,Image,2024-06-13 13:32:24.068,,1718278570887.jpg,231,1718278570887,3.0,1.0,0,Semmelstr,146.16414233333333,133.93099775,116.91728333333333,132.0,0.15274158333333332,0.21601628001589626,-32.9617805480957,1.750888008903645,4
459,1718278344068,p18,49.796784,9.9355711,p18/1718278344068/media/1718278582950.jpg,2,2,2,4,2,2,4,4,4,3,3,3,5,4,4,4,Image,2024-06-13 13:32:24.068,,1718278582950.jpg,232,1718278582950,0.0,0.0,0,Semmelstr,132.32556775,131.41949875,117.30763216666666,127.0,0.44315183333333336,0.6267318200439269,-32.9617805480957,1.750888008903645,4
460,1718278344068,p18,49.796784,9.9355711,p18/1718278344068/media/1718278643246.jpg,2,2,2,4,2,2,4,4,4,3,3,3,5,4,4,4,Image,2024-06-13 13:32:24.068,,1718278643246.jpg,233,1718278643246,0.0,0.0,0,Semmelstr,114.423825,115.30835575,127.27194208333333,119.0,0.078886,0.11156529802460906,-32.9617805480957,1.750888008903645,4
